subject_id,fold,class_id,class_name,video_filename,window_start_ms,window_end_ms,avg_ear,blink_rate,avg_blink_duration,prolonged_blink_count,perclos,yawn_count
1,1,0,normal,0.mov,0,60000,0.291578,20.0,113.4,0,0.039466,0
1,1,0,normal,0.mov,10000,70000,0.294425,17.0,109.9,0,0.032814,0
1,1,0,normal,0.mov,20000,80000,0.295287,16.0,110.5,0,0.031146,0
1,1,0,normal,0.mov,30000,90000,0.298345,15.0,109.0,0,0.028921,0
1,1,0,normal,0.mov,40000,100000,0.30055,12.0,103.0,0,0.022247,0
1,1,0,normal,0.mov,50000,110000,0.298051,12.0,100.2,0,0.021135,0
1,1,0,normal,0.mov,60000,120000,0.296542,12.0,111.3,0,0.022803,0
1,1,0,normal,0.mov,70000,130000,0.290245,14.0,126.4,0,0.030033,0
1,1,0,normal,0.mov,80000,140000,0.282102,16.0,135.5,0,0.036707,0
1,1,0,normal,0.mov,90000,150000,0.276714,19.0,156.3,0,0.050056,0
1,1,0,normal,0.mov,100000,160000,0.275534,22.0,154.6,0,0.056698,0
1,1,0,normal,0.mov,110000,170000,0.274625,25.0,152.1,0,0.063404,0
1,1,0,normal,0.mov,120000,180000,0.272444,28.0,150.1,0,0.070078,0
1,1,0,normal,0.mov,130000,190000,0.274548,31.0,142.1,0,0.075042,0
1,1,0,normal,0.mov,140000,200000,0.277489,33.0,142.6,0,0.080089,0
1,1,0,normal,0.mov,150000,210000,0.278757,31.0,132.4,0,0.070634,0
1,1,0,normal,0.mov,160000,220000,0.273935,27.0,192.9,1,0.089544,0
1,1,0,normal,0.mov,170000,230000,0.271245,29.0,193.4,1,0.096774,0
1,1,0,normal,0.mov,180000,240000,0.271203,28.0,201.5,1,0.09733,0
1,1,0,normal,0.mov,190000,250000,0.272275,26.0,210.5,1,0.093437,0
1,1,0,normal,0.mov,200000,260000,0.269781,30.0,201.3,1,0.102892,0
1,1,0,normal,0.mov,210000,270000,0.271624,29.0,209.4,1,0.10178,0
1,1,0,normal,0.mov,220000,280000,0.273453,30.0,156.9,0,0.079533,0
1,1,0,normal,0.mov,230000,290000,0.273795,27.0,154.5,0,0.070634,0
1,1,0,normal,0.mov,240000,300000,0.270607,30.0,150.2,0,0.076196,0
1,1,0,normal,0.mov,250000,310000,0.266708,31.0,153.9,0,0.080089,0
1,1,0,normal,0.mov,260000,320000,0.267053,25.0,150.9,0,0.063369,0
1,1,0,normal,0.mov,270000,330000,0.263101,28.0,157.3,0,0.075083,0
1,1,0,normal,0.mov,280000,340000,0.263525,31.0,151.8,0,0.078977,0
1,1,0,normal,0.mov,290000,350000,0.265089,33.0,153.7,0,0.084491,0
1,1,0,normal,0.mov,300000,360000,0.266139,35.0,162.9,1,0.095822,0
1,1,0,normal,0.mov,310000,370000,0.266895,37.0,157.8,1,0.09805,0
1,1,0,normal,0.mov,320000,380000,0.268121,40.0,158.4,1,0.106407,0
1,1,0,normal,0.mov,330000,390000,0.269465,43.0,148.1,1,0.106964,0
1,1,0,normal,0.mov,340000,400000,0.271166,42.0,146.9,1,0.103621,0
1,1,0,normal,0.mov,350000,410000,0.270193,43.0,147.4,1,0.106407,0
1,1,0,normal,0.mov,360000,420000,0.266572,41.0,148.2,0,0.10178,0
1,1,0,normal,0.mov,370000,430000,0.260377,40.0,195.2,2,0.130701,0
1,1,0,normal,0.mov,380000,440000,0.259613,38.0,201.2,2,0.12792,0
1,1,0,normal,0.mov,390000,450000,0.261104,31.0,219.7,2,0.114572,0
1,1,0,normal,0.mov,400000,460000,0.26195,29.0,231.5,2,0.112903,0
1,1,0,normal,0.mov,410000,470000,0.26553,26.0,236.3,2,0.103448,0
1,1,0,normal,0.mov,420000,480000,0.274133,20.0,242.0,2,0.081712,0
1,1,0,normal,0.mov,430000,490000,0.284373,16.0,154.4,0,0.042825,0
1,1,0,normal,0.mov,440000,500000,0.287354,12.0,141.9,0,0.03059,0
1,1,0,normal,0.mov,450000,510000,0.288338,13.0,125.8,0,0.029461,0
1,1,0,normal,0.mov,460000,520000,0.287612,13.0,123.1,0,0.029477,0
1,1,0,normal,0.mov,470000,530000,0.286267,13.0,123.2,0,0.028365,0
1,1,0,normal,0.mov,480000,540000,0.282988,13.0,136.1,0,0.031702,0
1,1,0,normal,0.mov,490000,550000,0.284821,12.0,133.6,0,0.028921,0
1,1,0,normal,0.mov,500000,560000,0.287024,16.0,121.1,0,0.034483,0
1,1,0,normal,0.mov,510000,570000,0.290031,17.0,125.8,0,0.037264,0
1,1,0,normal,0.mov,520000,580000,0.291268,17.0,121.8,0,0.035595,0
1,1,0,normal,0.mov,530000,590000,0.288632,16.0,133.6,0,0.03782,0
1,1,0,normal,0.mov,540000,600000,0.290051,18.0,124.3,0,0.038376,0
1,1,1,pre_fatigue,5.mov,0,60000,0.29617,26.0,151.5,1,0.066704,0
1,1,1,pre_fatigue,5.mov,10000,70000,0.297327,24.0,157.1,1,0.063404,0
1,1,1,pre_fatigue,5.mov,20000,80000,0.29732,22.0,162.3,1,0.060067,0
1,1,1,pre_fatigue,5.mov,30000,90000,0.294644,18.0,233.6,1,0.070634,0
1,1,1,pre_fatigue,5.mov,40000,100000,0.297799,17.0,239.4,1,0.068966,0
1,1,1,pre_fatigue,5.mov,50000,110000,0.300564,17.0,245.4,1,0.070634,0
1,1,1,pre_fatigue,5.mov,60000,120000,0.299377,17.0,247.3,1,0.070634,0
1,1,1,pre_fatigue,5.mov,70000,130000,0.29444,18.0,242.7,1,0.073415,0
1,1,1,pre_fatigue,5.mov,80000,140000,0.291991,20.0,235.2,1,0.078977,0
1,1,1,pre_fatigue,5.mov,90000,150000,0.295781,19.0,149.3,0,0.047831,0
1,1,1,pre_fatigue,5.mov,100000,160000,0.28763,17.0,155.1,0,0.043913,0
1,1,1,pre_fatigue,5.mov,110000,170000,0.28348,16.0,150.1,0,0.040044,0
1,1,1,pre_fatigue,5.mov,120000,180000,0.284982,14.0,147.7,0,0.035039,0
1,1,1,pre_fatigue,5.mov,130000,190000,0.287565,12.0,147.5,0,0.030017,0
1,1,1,pre_fatigue,5.mov,140000,200000,0.287032,8.0,154.4,0,0.021135,0
1,1,1,pre_fatigue,5.mov,150000,210000,0.286902,6.0,144.7,0,0.015017,0
1,1,1,pre_fatigue,5.mov,160000,220000,0.287308,11.0,139.5,0,0.02614,0
1,1,1,pre_fatigue,5.mov,170000,230000,0.283995,12.0,141.7,0,0.028921,0
1,1,1,pre_fatigue,5.mov,180000,240000,0.277011,17.0,151.0,0,0.042825,0
1,1,1,pre_fatigue,5.mov,190000,250000,0.270642,21.0,154.0,0,0.053393,0
1,1,1,pre_fatigue,5.mov,200000,260000,0.268556,22.0,151.6,0,0.055061,0
1,1,1,pre_fatigue,5.mov,210000,270000,0.265739,23.0,155.1,0,0.059511,0
1,1,1,pre_fatigue,5.mov,220000,280000,0.262468,22.0,165.2,0,0.060623,0
1,1,1,pre_fatigue,5.mov,230000,290000,0.265042,21.0,158.9,0,0.055617,0
1,1,1,pre_fatigue,5.mov,240000,300000,0.271351,17.0,151.2,0,0.043938,0
1,1,1,pre_fatigue,5.mov,250000,310000,0.277495,13.0,149.0,0,0.033927,0
1,1,1,pre_fatigue,5.mov,260000,320000,0.277876,12.0,147.4,0,0.031684,0
1,1,1,pre_fatigue,5.mov,270000,330000,0.277698,12.0,155.8,0,0.032814,0
1,1,1,pre_fatigue,5.mov,280000,340000,0.280143,9.0,159.6,0,0.025584,0
1,1,1,pre_fatigue,5.mov,290000,350000,0.280173,12.0,214.2,1,0.044469,0
1,1,1,pre_fatigue,5.mov,300000,360000,0.276993,13.0,225.8,1,0.049499,0
1,1,1,pre_fatigue,5.mov,310000,370000,0.272514,15.0,224.7,1,0.05673,0
1,1,1,pre_fatigue,5.mov,320000,380000,0.271756,17.0,219.8,1,0.062291,0
1,1,1,pre_fatigue,5.mov,330000,390000,0.273213,16.0,223.2,1,0.059511,0
1,1,1,pre_fatigue,5.mov,340000,400000,0.268579,24.0,205.7,1,0.082314,0
1,1,1,pre_fatigue,5.mov,350000,410000,0.267601,24.0,184.8,0,0.073971,0
1,1,1,pre_fatigue,5.mov,360000,420000,0.268046,25.0,180.1,0,0.075083,0
1,1,1,pre_fatigue,5.mov,370000,430000,0.270594,23.0,178.3,0,0.068409,0
1,1,1,pre_fatigue,5.mov,380000,440000,0.270348,25.0,174.8,0,0.072859,0
1,1,1,pre_fatigue,5.mov,390000,450000,0.271918,28.0,169.1,0,0.078933,0
1,1,1,pre_fatigue,5.mov,400000,460000,0.278498,22.0,159.3,0,0.058954,0
1,1,1,pre_fatigue,5.mov,410000,470000,0.281201,23.0,159.6,0,0.062291,0
1,1,1,pre_fatigue,5.mov,420000,480000,0.284389,22.0,156.2,0,0.058366,0
1,1,1,pre_fatigue,5.mov,430000,490000,0.28102,29.0,156.5,0,0.076752,0
1,1,1,pre_fatigue,5.mov,440000,500000,0.283549,26.0,160.4,0,0.070634,0
1,1,1,pre_fatigue,5.mov,450000,510000,0.28385,28.0,157.3,0,0.074527,0
1,1,1,pre_fatigue,5.mov,460000,520000,0.286312,27.0,159.4,0,0.072859,0
1,1,1,pre_fatigue,5.mov,470000,530000,0.288269,26.0,155.3,0,0.067853,0
1,1,1,pre_fatigue,5.mov,480000,540000,0.288012,26.0,157.8,0,0.068966,0
1,1,1,pre_fatigue,5.mov,490000,550000,0.291457,20.0,155.1,0,0.05228,0
1,1,1,pre_fatigue,5.mov,500000,560000,0.292759,21.0,146.1,0,0.051724,0
1,1,1,pre_fatigue,5.mov,510000,570000,0.293364,20.0,145.1,0,0.047831,0
1,1,1,pre_fatigue,5.mov,520000,580000,0.290268,22.0,139.5,0,0.051724,0
1,1,1,pre_fatigue,5.mov,530000,590000,0.289133,21.0,138.2,0,0.047831,0
1,1,2,drowsy,10.MOV,0,60000,0.237223,29.0,429.2,6,0.207893,0
1,1,2,drowsy,10.MOV,10000,70000,0.235388,27.0,446.2,6,0.202673,0
1,1,2,drowsy,10.MOV,20000,80000,0.235785,27.0,437.5,5,0.198218,0
1,1,2,drowsy,10.MOV,30000,90000,0.239175,22.0,464.1,4,0.171492,0
1,1,2,drowsy,10.MOV,40000,100000,0.247145,17.0,431.8,2,0.123608,0
1,1,2,drowsy,10.MOV,50000,110000,0.249868,12.0,431.0,1,0.087416,0
1,1,2,drowsy,10.MOV,60000,120000,0.248159,15.0,331.4,2,0.084076,0
1,1,2,drowsy,10.MOV,70000,130000,0.246569,19.0,345.8,3,0.109566,0
1,1,2,drowsy,10.MOV,80000,140000,0.244403,26.0,305.4,3,0.132369,0
1,1,2,drowsy,10.MOV,90000,150000,0.247589,23.0,293.0,3,0.112347,0
1,1,2,drowsy,10.MOV,100000,160000,0.247526,25.0,274.9,3,0.114508,0
1,1,2,drowsy,10.MOV,110000,170000,0.24471,28.0,274.1,3,0.12792,0
1,1,2,drowsy,10.MOV,120000,180000,0.246602,24.0,282.2,2,0.112903,0
1,1,2,drowsy,10.MOV,130000,190000,0.249443,25.0,259.0,1,0.107838,0
1,1,2,drowsy,10.MOV,140000,200000,0.248765,21.0,403.7,2,0.10901,0
1,1,2,drowsy,10.MOV,150000,210000,0.242114,22.0,403.4,2,0.147942,1
1,1,2,drowsy,10.MOV,160000,220000,0.241914,22.0,409.5,2,0.150167,1
1,1,2,drowsy,10.MOV,170000,230000,0.245419,23.0,396.0,2,0.151835,1
1,1,2,drowsy,10.MOV,180000,240000,0.245223,27.0,362.0,2,0.161846,1
1,1,2,drowsy,10.MOV,190000,250000,0.247689,24.0,371.1,2,0.148498,1
1,1,2,drowsy,10.MOV,200000,260000,0.250339,23.0,262.5,1,0.132925,1
1,1,2,drowsy,10.MOV,210000,270000,0.255609,24.0,261.4,1,0.104561,1
1,1,2,drowsy,10.MOV,220000,280000,0.260051,26.0,243.8,1,0.105673,1
1,1,2,drowsy,10.MOV,230000,290000,0.261414,25.0,234.8,1,0.097887,1
1,1,2,drowsy,10.MOV,240000,300000,0.264398,26.0,193.7,0,0.085095,1
1,1,2,drowsy,10.MOV,250000,310000,0.26547,26.0,191.2,0,0.08287,1
1,1,2,drowsy,10.MOV,260000,320000,0.267998,29.0,176.0,0,0.085047,1
1,1,2,drowsy,10.MOV,270000,330000,0.269486,29.0,169.1,0,0.081758,1
1,1,2,drowsy,10.MOV,280000,340000,0.269362,26.0,169.4,0,0.073415,1
1,1,2,drowsy,10.MOV,290000,350000,0.27224,23.0,172.7,0,0.066148,1
1,1,2,drowsy,10.MOV,300000,360000,0.274338,20.0,165.3,0,0.055617,1
1,1,2,drowsy,10.MOV,310000,370000,0.273456,18.0,157.7,0,0.048387,1
1,1,2,drowsy,10.MOV,320000,380000,0.273503,15.0,166.9,0,0.041713,1
1,1,2,drowsy,10.MOV,330000,390000,0.271554,17.0,184.6,0,0.053393,1
1,1,2,drowsy,10.MOV,340000,400000,0.26947,19.0,193.3,0,0.062291,1
1,1,2,drowsy,10.MOV,350000,410000,0.266272,21.0,198.6,0,0.070634,1
1,1,2,drowsy,10.MOV,360000,420000,0.264133,23.0,204.5,0,0.078977,1
1,1,2,drowsy,10.MOV,370000,430000,0.266281,23.0,208.9,0,0.080089,1
1,1,2,drowsy,10.MOV,380000,440000,0.266422,22.0,209.2,0,0.077864,1
1,1,2,drowsy,10.MOV,390000,450000,0.272668,18.0,200.1,0,0.060067,1
1,1,2,drowsy,10.MOV,400000,460000,0.276795,13.0,197.5,0,0.042825,1
1,1,2,drowsy,10.MOV,410000,470000,0.27955,12.0,175.0,0,0.035039,1
1,1,2,drowsy,10.MOV,420000,480000,0.28477,6.0,166.5,0,0.016676,1
1,1,2,drowsy,10.MOV,430000,490000,0.285604,8.0,162.2,0,0.021691,1
1,1,2,drowsy,10.MOV,440000,500000,0.28263,11.0,157.4,0,0.028921,1
1,1,2,drowsy,10.MOV,450000,510000,0.277832,11.0,160.5,0,0.029461,0
1,1,2,drowsy,10.MOV,460000,520000,0.272735,14.0,171.3,0,0.040044,0
1,1,2,drowsy,10.MOV,470000,530000,0.271308,14.0,176.1,0,0.041157,0
1,1,2,drowsy,10.MOV,480000,540000,0.268439,15.0,182.1,0,0.045606,0
1,1,2,drowsy,10.MOV,490000,550000,0.263525,13.0,181.9,0,0.039488,0
1,1,2,drowsy,10.MOV,500000,560000,0.261061,11.0,242.5,0,0.044494,0
1,1,2,drowsy,10.MOV,510000,570000,0.254949,20.0,261.9,1,0.087319,0
1,1,2,drowsy,10.MOV,520000,580000,0.25675,21.0,249.5,1,0.087319,0
1,1,2,drowsy,10.MOV,530000,590000,0.254052,22.0,239.7,1,0.087875,0
1,1,2,drowsy,10.MOV,540000,600000,0.252302,21.0,238.5,1,0.083426,0
2,1,0,normal,0.mov,0,60000,0.279155,10.0,166.8,0,0.027793,0
2,1,0,normal,0.mov,10000,70000,0.277364,8.0,162.6,0,0.021691,0
2,1,0,normal,0.mov,20000,80000,0.277281,7.0,166.7,0,0.019466,0
2,1,0,normal,0.mov,30000,90000,0.280093,7.0,161.9,0,0.01891,0
2,1,0,normal,0.mov,40000,100000,0.280356,6.0,138.7,0,0.013904,0
2,1,0,normal,0.mov,50000,110000,0.278457,6.0,138.7,0,0.013904,0
2,1,0,normal,0.mov,60000,120000,0.277847,5.0,140.0,0,0.01168,0
2,1,0,normal,0.mov,70000,130000,0.279176,7.0,147.6,0,0.017241,0
2,1,0,normal,0.mov,80000,140000,0.278581,6.0,155.5,0,0.015573,0
2,1,0,normal,0.mov,90000,150000,0.277928,5.0,160.0,0,0.013348,0
2,1,0,normal,0.mov,100000,160000,0.278723,5.0,160.2,0,0.013341,0
2,1,0,normal,0.mov,110000,170000,0.279462,6.0,161.3,0,0.016129,0
2,1,0,normal,0.mov,120000,180000,0.28104,6.0,161.2,0,0.016129,0
2,1,0,normal,0.mov,130000,190000,0.282636,4.0,158.5,0,0.010561,0
2,1,0,normal,0.mov,140000,200000,0.286215,4.0,150.2,0,0.010011,0
2,1,0,normal,0.mov,150000,210000,0.287338,4.0,150.2,0,0.010011,0
2,1,0,normal,0.mov,160000,220000,0.286945,4.0,175.0,0,0.01168,0
2,1,0,normal,0.mov,170000,230000,0.286029,4.0,183.2,0,0.012236,0
2,1,0,normal,0.mov,180000,240000,0.285379,4.0,216.8,0,0.014461,0
2,1,0,normal,0.mov,190000,250000,0.282105,5.0,213.4,0,0.017798,0
2,1,0,normal,0.mov,200000,260000,0.27686,5.0,220.0,0,0.018354,0
2,1,0,normal,0.mov,210000,270000,0.272398,7.0,204.9,0,0.023915,0
2,1,0,normal,0.mov,220000,280000,0.26915,6.0,200.2,0,0.020022,0
2,1,0,normal,0.mov,230000,290000,0.266404,6.0,205.7,0,0.020578,0
2,1,0,normal,0.mov,240000,300000,0.265503,7.0,204.9,0,0.023915,0
2,1,0,normal,0.mov,250000,310000,0.265995,7.0,204.9,0,0.023915,0
2,1,0,normal,0.mov,260000,320000,0.266805,6.0,211.2,0,0.021123,0
2,1,0,normal,0.mov,270000,330000,0.269169,5.0,226.6,0,0.01891,0
2,1,0,normal,0.mov,280000,340000,0.271949,6.0,211.2,0,0.021135,0
2,1,0,normal,0.mov,290000,350000,0.273308,6.0,189.0,0,0.018899,0
2,1,0,normal,0.mov,300000,360000,0.274506,5.0,166.8,0,0.013904,0
2,1,0,normal,0.mov,310000,370000,0.274438,4.0,158.5,0,0.010567,0
2,1,0,normal,0.mov,320000,380000,0.272906,5.0,187.0,0,0.015573,0
2,1,0,normal,0.mov,330000,390000,0.275377,4.0,183.8,0,0.012236,0
2,1,0,normal,0.mov,340000,400000,0.27546,3.0,200.3,0,0.010011,0
2,1,0,normal,0.mov,350000,410000,0.276016,4.0,242.0,0,0.016129,0
2,1,0,normal,0.mov,360000,420000,0.275409,3.0,256.0,0,0.012792,0
2,1,0,normal,0.mov,370000,430000,0.276772,4.0,217.0,0,0.014461,0
2,1,0,normal,0.mov,380000,440000,0.275394,6.0,227.8,0,0.022803,0
2,1,0,normal,0.mov,390000,450000,0.273344,6.0,227.8,0,0.02279,0
2,1,0,normal,0.mov,400000,460000,0.2715,8.0,258.4,0,0.034483,0
2,1,0,normal,0.mov,410000,470000,0.271317,7.0,252.4,0,0.029477,0
2,1,0,normal,0.mov,420000,480000,0.270144,7.0,252.4,0,0.029461,0
2,1,0,normal,0.mov,430000,490000,0.267958,8.0,275.1,0,0.036707,0
2,1,0,normal,0.mov,440000,500000,0.274486,6.0,244.7,0,0.024472,0
2,1,0,normal,0.mov,450000,510000,0.273081,10.0,203.5,0,0.033927,0
2,1,0,normal,0.mov,460000,520000,0.274501,9.0,170.6,0,0.025584,0
2,1,0,normal,0.mov,470000,530000,0.278742,12.0,166.8,0,0.03337,0
2,1,0,normal,0.mov,480000,540000,0.283616,13.0,161.6,0,0.035039,0
2,1,0,normal,0.mov,490000,550000,0.282477,16.0,133.4,0,0.035595,0
2,1,0,normal,0.mov,500000,560000,0.283464,16.0,133.4,0,0.035595,0
2,1,0,normal,0.mov,510000,570000,0.287155,12.0,130.6,0,0.02614,0
2,1,0,normal,0.mov,520000,580000,0.292006,11.0,124.3,0,0.022803,0
2,1,0,normal,0.mov,530000,590000,0.291181,8.0,108.4,0,0.014461,0
2,1,0,normal,0.mov,540000,600000,0.28871,8.0,116.8,0,0.015573,0
2,1,1,pre_fatigue,5.MOV,0,60000,0.239481,13.0,351.5,1,0.076153,0
2,1,1,pre_fatigue,5.MOV,10000,70000,0.239984,12.0,258.6,0,0.051724,0
2,1,1,pre_fatigue,5.MOV,20000,80000,0.242141,11.0,254.7,0,0.046719,0
2,1,1,pre_fatigue,5.MOV,30000,90000,0.24288,11.0,257.7,0,0.047275,0
2,1,1,pre_fatigue,5.MOV,40000,100000,0.242191,12.0,263.9,0,0.052836,0
2,1,1,pre_fatigue,5.MOV,50000,110000,0.243855,10.0,273.5,0,0.045606,0
2,1,1,pre_fatigue,5.MOV,60000,120000,0.244387,10.0,290.2,0,0.048387,0
2,1,1,pre_fatigue,5.MOV,70000,130000,0.245992,10.0,306.7,0,0.051168,0
2,1,1,pre_fatigue,5.MOV,80000,140000,0.245391,10.0,320.1,0,0.053393,0
2,1,1,pre_fatigue,5.MOV,90000,150000,0.244577,10.0,333.5,0,0.055617,0
2,1,1,pre_fatigue,5.MOV,100000,160000,0.243081,11.0,333.7,0,0.061145,0
2,1,1,pre_fatigue,5.MOV,110000,170000,0.241877,11.0,330.7,0,0.060623,0
2,1,1,pre_fatigue,5.MOV,120000,180000,0.240719,11.0,315.5,0,0.057842,0
2,1,1,pre_fatigue,5.MOV,130000,190000,0.24137,9.0,307.9,0,0.046137,0
2,1,1,pre_fatigue,5.MOV,140000,200000,0.241079,9.0,300.4,0,0.04505,0
2,1,1,pre_fatigue,5.MOV,150000,210000,0.242741,7.0,290.9,0,0.033927,0
2,1,1,pre_fatigue,5.MOV,160000,220000,0.243659,5.0,280.2,0,0.023359,0
2,1,1,pre_fatigue,5.MOV,170000,230000,0.242667,6.0,289.0,0,0.028921,0
2,1,1,pre_fatigue,5.MOV,180000,240000,0.241284,7.0,281.1,0,0.032814,0
2,1,1,pre_fatigue,5.MOV,190000,250000,0.239978,7.0,281.1,0,0.032814,0
2,1,1,pre_fatigue,5.MOV,200000,260000,0.237788,9.0,307.8,1,0.046162,0
2,1,1,pre_fatigue,5.MOV,210000,270000,0.236288,9.0,315.2,1,0.047275,0
2,1,1,pre_fatigue,5.MOV,220000,280000,0.234041,11.0,327.7,1,0.060067,0
2,1,1,pre_fatigue,5.MOV,230000,290000,0.2346,9.0,337.6,1,0.050612,0
2,1,1,pre_fatigue,5.MOV,240000,300000,0.23553,8.0,342.1,1,0.045606,0
2,1,1,pre_fatigue,5.MOV,250000,310000,0.233575,11.0,333.6,1,0.061179,0
2,1,1,pre_fatigue,5.MOV,260000,320000,0.235412,8.0,316.9,0,0.042246,0
2,1,1,pre_fatigue,5.MOV,270000,330000,0.235634,9.0,304.0,0,0.045606,0
2,1,1,pre_fatigue,5.MOV,280000,340000,0.237197,8.0,291.8,0,0.038932,0
2,1,1,pre_fatigue,5.MOV,290000,350000,0.235614,12.0,302.9,0,0.060589,0
2,1,1,pre_fatigue,5.MOV,300000,360000,0.23536,13.0,302.7,0,0.065628,0
2,1,1,pre_fatigue,5.MOV,310000,370000,0.237026,11.0,300.2,0,0.055061,0
2,1,1,pre_fatigue,5.MOV,320000,380000,0.23728,12.0,294.7,0,0.058954,0
2,1,1,pre_fatigue,5.MOV,330000,390000,0.237572,12.0,289.0,0,0.057842,0
2,1,1,pre_fatigue,5.MOV,340000,400000,0.237476,13.0,323.2,1,0.070078,0
2,1,1,pre_fatigue,5.MOV,350000,410000,0.237404,11.0,333.5,1,0.061179,0
2,1,1,pre_fatigue,5.MOV,360000,420000,0.236522,10.0,343.6,1,0.057286,0
2,1,1,pre_fatigue,5.MOV,370000,430000,0.234695,11.0,336.7,1,0.061735,0
2,1,1,pre_fatigue,5.MOV,380000,440000,0.232622,12.0,336.5,1,0.067297,0
2,1,1,pre_fatigue,5.MOV,390000,450000,0.230551,13.0,344.0,1,0.074527,0
2,1,1,pre_fatigue,5.MOV,400000,460000,0.231419,11.0,306.5,0,0.056174,0
2,1,1,pre_fatigue,5.MOV,410000,470000,0.232836,9.0,289.2,0,0.043382,0
2,1,1,pre_fatigue,5.MOV,420000,480000,0.232816,9.0,304.0,0,0.045581,0
2,1,1,pre_fatigue,5.MOV,430000,490000,0.23532,10.0,266.9,0,0.044494,0
2,1,1,pre_fatigue,5.MOV,440000,500000,0.235828,10.0,283.6,0,0.047275,0
2,1,1,pre_fatigue,5.MOV,450000,510000,0.237862,9.0,263.3,0,0.039466,0
2,1,1,pre_fatigue,5.MOV,460000,520000,0.237367,9.0,263.4,0,0.039488,0
2,1,1,pre_fatigue,5.MOV,470000,530000,0.237137,10.0,263.8,0,0.043938,0
2,1,1,pre_fatigue,5.MOV,480000,540000,0.238639,9.0,248.7,0,0.037264,0
2,1,1,pre_fatigue,5.MOV,490000,550000,0.236597,8.0,283.8,0,0.03782,0
2,1,1,pre_fatigue,5.MOV,500000,560000,0.237732,6.0,255.8,0,0.025584,0
2,1,1,pre_fatigue,5.MOV,510000,570000,0.235032,9.0,322.4,1,0.040601,0
2,1,1,pre_fatigue,5.MOV,520000,580000,0.234902,9.0,326.1,1,0.048943,0
2,1,1,pre_fatigue,5.MOV,530000,590000,0.235138,10.0,333.5,1,0.055617,0
2,1,1,pre_fatigue,5.MOV,540000,600000,0.23298,12.0,339.1,1,0.067853,0
2,1,2,drowsy,10.MOV,0,60000,0.268442,18.0,272.4,3,0.081712,0
2,1,2,drowsy,10.MOV,10000,70000,0.270389,15.0,226.9,1,0.05673,0
2,1,2,drowsy,10.MOV,20000,80000,0.272789,12.0,227.9,1,0.045606,0
2,1,2,drowsy,10.MOV,30000,90000,0.274792,10.0,200.1,0,0.03337,0
2,1,2,drowsy,10.MOV,40000,100000,0.274623,9.0,211.2,0,0.031702,0
2,1,2,drowsy,10.MOV,50000,110000,0.274523,9.0,203.8,0,0.03059,0
2,1,2,drowsy,10.MOV,60000,120000,0.277614,7.0,181.1,0,0.021135,0
2,1,2,drowsy,10.MOV,70000,130000,0.279632,5.0,167.0,0,0.013904,0
2,1,2,drowsy,10.MOV,80000,140000,0.27981,5.0,160.4,0,0.013348,0
2,1,2,drowsy,10.MOV,90000,150000,0.281306,6.0,156.0,0,0.016129,0
2,1,2,drowsy,10.MOV,100000,160000,0.280995,7.0,171.7,0,0.020567,0
2,1,2,drowsy,10.MOV,110000,170000,0.280229,6.0,178.2,0,0.018354,0
2,1,2,drowsy,10.MOV,120000,180000,0.278206,7.0,195.4,0,0.023359,0
2,1,2,drowsy,10.MOV,130000,190000,0.277039,10.0,240.2,1,0.040578,0
2,1,2,drowsy,10.MOV,140000,200000,0.278169,11.0,233.5,1,0.043382,0
2,1,2,drowsy,10.MOV,150000,210000,0.275414,11.0,245.5,1,0.04505,0
2,1,2,drowsy,10.MOV,160000,220000,0.274746,10.0,256.9,1,0.042825,0
2,1,2,drowsy,10.MOV,170000,230000,0.273283,12.0,258.5,1,0.051724,0
2,1,2,drowsy,10.MOV,180000,240000,0.275258,11.0,257.8,1,0.047275,0
2,1,2,drowsy,10.MOV,190000,250000,0.27666,9.0,226.2,0,0.033927,0
2,1,2,drowsy,10.MOV,200000,260000,0.269692,11.0,257.9,0,0.047275,0
2,1,2,drowsy,10.MOV,210000,270000,0.270412,10.0,273.6,0,0.045606,0
2,1,2,drowsy,10.MOV,220000,280000,0.271568,10.0,263.5,0,0.043938,0
2,1,2,drowsy,10.MOV,230000,290000,0.271863,10.0,253.5,0,0.042269,0
2,1,2,drowsy,10.MOV,240000,300000,0.273129,9.0,255.7,0,0.038376,0
2,1,2,drowsy,10.MOV,250000,310000,0.272969,10.0,250.1,0,0.041713,0
2,1,2,drowsy,10.MOV,260000,320000,0.27946,6.0,233.3,0,0.023346,0
2,1,2,drowsy,10.MOV,270000,330000,0.279239,6.0,211.3,0,0.021135,0
2,1,2,drowsy,10.MOV,280000,340000,0.275249,8.0,225.2,0,0.03059,0
2,1,2,drowsy,10.MOV,290000,350000,0.277269,6.0,228.2,0,0.023346,0
2,1,2,drowsy,10.MOV,300000,360000,0.273014,8.0,221.4,0,0.030033,0
2,1,2,drowsy,10.MOV,310000,370000,0.270013,8.0,254.8,0,0.034483,0
2,1,2,drowsy,10.MOV,320000,380000,0.269025,9.0,248.7,0,0.038376,0
2,1,2,drowsy,10.MOV,330000,390000,0.268384,8.0,254.6,0,0.035039,0
2,1,2,drowsy,10.MOV,340000,400000,0.26733,8.0,263.0,0,0.035595,0
2,1,2,drowsy,10.MOV,350000,410000,0.266665,9.0,256.1,0,0.038932,0
2,1,2,drowsy,10.MOV,360000,420000,0.270685,8.0,271.2,0,0.036707,0
2,1,2,drowsy,10.MOV,370000,430000,0.270288,8.0,233.8,0,0.031702,0
2,1,2,drowsy,10.MOV,380000,440000,0.267492,9.0,241.2,0,0.036151,0
2,1,2,drowsy,10.MOV,390000,450000,0.266946,12.0,228.1,0,0.044469,0
2,1,2,drowsy,10.MOV,400000,460000,0.267157,11.0,230.6,0,0.042269,0
2,1,2,drowsy,10.MOV,410000,470000,0.263295,13.0,246.4,0,0.053393,0
2,1,2,drowsy,10.MOV,420000,480000,0.256394,15.0,273.6,1,0.068371,0
2,1,2,drowsy,10.MOV,430000,490000,0.255844,16.0,279.4,1,0.074527,0
2,1,2,drowsy,10.MOV,440000,500000,0.258436,16.0,269.0,1,0.071746,0
2,1,2,drowsy,10.MOV,450000,510000,0.259103,14.0,283.6,1,0.067297,0
2,1,2,drowsy,10.MOV,460000,520000,0.263737,13.0,274.6,1,0.059511,0
2,1,2,drowsy,10.MOV,470000,530000,0.267318,12.0,269.8,1,0.053949,0
2,1,2,drowsy,10.MOV,480000,540000,0.272446,9.0,229.9,0,0.034483,0
2,1,2,drowsy,10.MOV,490000,550000,0.276327,7.0,200.1,0,0.023359,0
2,1,2,drowsy,10.MOV,500000,560000,0.277875,6.0,205.5,0,0.020578,0
2,1,2,drowsy,10.MOV,510000,570000,0.275965,8.0,229.2,0,0.03059,0
2,1,2,drowsy,10.MOV,520000,580000,0.273274,8.0,233.4,0,0.031146,0
2,1,2,drowsy,10.MOV,530000,590000,0.273004,7.0,214.1,0,0.025028,0
2,1,2,drowsy,10.MOV,540000,600000,0.274695,9.0,196.2,0,0.029477,0
3,1,0,normal,0.MOV,0,60000,0.300173,12.0,166.7,0,0.033352,0
3,1,0,normal,0.MOV,10000,70000,0.303048,11.0,172.7,0,0.031702,0
3,1,0,normal,0.MOV,20000,80000,0.29953,12.0,163.9,0,0.032814,0
3,1,0,normal,0.MOV,30000,90000,0.299302,8.0,141.6,0,0.01891,0
3,1,0,normal,0.MOV,40000,100000,0.30194,8.0,145.9,0,0.019466,0
3,1,0,normal,0.MOV,50000,110000,0.306202,6.0,116.8,0,0.01168,0
3,1,0,normal,0.MOV,60000,120000,0.305514,8.0,108.5,0,0.014461,0
3,1,0,normal,0.MOV,70000,130000,0.305756,7.0,114.4,0,0.013348,0
3,1,0,normal,0.MOV,80000,140000,0.309121,5.0,106.8,0,0.008899,0
3,1,0,normal,0.MOV,90000,150000,0.312743,7.0,100.1,0,0.010567,0
3,1,0,normal,0.MOV,100000,160000,0.31416,5.0,80.2,0,0.00667,0
3,1,0,normal,0.MOV,110000,170000,0.311799,6.0,100.2,0,0.010011,0
3,1,0,normal,0.MOV,120000,180000,0.307999,5.0,120.2,0,0.01168,0
3,1,0,normal,0.MOV,130000,190000,0.303561,6.0,139.2,0,0.015564,0
3,1,0,normal,0.MOV,140000,200000,0.30106,6.0,139.2,0,0.015573,0
3,1,0,normal,0.MOV,150000,210000,0.298055,5.0,153.6,0,0.015573,0
3,1,0,normal,0.MOV,160000,220000,0.296996,7.0,157.4,0,0.020022,0
3,1,0,normal,0.MOV,170000,230000,0.297039,6.0,161.5,0,0.017798,0
3,1,0,normal,0.MOV,180000,240000,0.29659,7.0,157.6,0,0.018354,0
3,1,0,normal,0.MOV,190000,250000,0.297727,7.0,143.3,0,0.016685,0
3,1,0,normal,0.MOV,200000,260000,0.296329,8.0,133.8,0,0.017798,0
3,1,0,normal,0.MOV,210000,270000,0.291337,8.0,129.6,0,0.018354,0
3,1,0,normal,0.MOV,220000,280000,0.284471,7.0,124.1,0,0.016129,0
3,1,0,normal,0.MOV,230000,290000,0.284789,6.0,122.5,0,0.013904,0
3,1,0,normal,0.MOV,240000,300000,0.284531,4.0,108.5,0,0.008899,0
3,1,0,normal,0.MOV,250000,310000,0.285476,3.0,100.0,0,0.006674,0
3,1,0,normal,0.MOV,260000,320000,0.285143,2.0,116.5,0,0.006115,0
3,1,0,normal,0.MOV,270000,330000,0.288357,2.0,149.5,0,0.006118,0
3,1,0,normal,0.MOV,280000,340000,0.288887,1.0,133.0,0,0.002781,0
3,1,0,normal,0.MOV,290000,350000,0.295476,1.0,133.0,0,0.002779,0
3,1,0,normal,0.MOV,300000,360000,0.300918,1.0,133.0,0,0.002781,0
3,1,0,normal,0.MOV,310000,370000,0.300262,2.0,367.0,1,0.012792,0
3,1,0,normal,0.MOV,320000,380000,0.30199,2.0,367.0,1,0.012236,0
3,1,0,normal,0.MOV,330000,390000,0.297679,3.0,334.0,1,0.016685,0
3,1,0,normal,0.MOV,340000,400000,0.302951,4.0,275.5,1,0.018354,0
3,1,0,normal,0.MOV,350000,410000,0.293987,4.0,275.5,1,0.018354,0
3,1,0,normal,0.MOV,360000,420000,0.287153,6.0,239.3,1,0.023915,0
3,1,0,normal,0.MOV,370000,430000,0.284434,7.0,162.1,0,0.01891,0
3,1,0,normal,0.MOV,380000,440000,0.28275,9.0,192.8,1,0.028921,0
3,1,0,normal,0.MOV,390000,450000,0.285555,7.0,190.6,1,0.022235,0
3,1,0,normal,0.MOV,400000,460000,0.28234,7.0,195.3,1,0.023359,0
3,1,0,normal,0.MOV,410000,470000,0.283766,7.0,195.3,1,0.023359,0
3,1,0,normal,0.MOV,420000,480000,0.284906,5.0,206.6,1,0.017788,0
3,1,0,normal,0.MOV,430000,490000,0.284689,3.0,244.3,1,0.012792,0
3,1,0,normal,0.MOV,440000,500000,0.276426,6.0,233.2,0,0.023915,0
3,1,0,normal,0.MOV,450000,510000,0.275562,6.0,233.2,0,0.023915,0
3,1,0,normal,0.MOV,460000,520000,0.275149,7.0,247.6,0,0.028921,0
3,1,0,normal,0.MOV,470000,530000,0.272573,9.0,233.3,0,0.035039,0
3,1,0,normal,0.MOV,480000,540000,0.272298,9.0,233.3,0,0.035039,0
3,1,0,normal,0.MOV,490000,550000,0.277455,10.0,220.1,0,0.036707,0
3,1,0,normal,0.MOV,500000,560000,0.284532,7.0,186.0,0,0.021691,0
3,1,0,normal,0.MOV,510000,570000,0.283575,10.0,173.5,0,0.028921,0
3,1,0,normal,0.MOV,520000,580000,0.284995,12.0,150.1,0,0.030033,0
3,1,0,normal,0.MOV,530000,590000,0.28456,11.0,136.4,0,0.025028,0
3,1,0,normal,0.MOV,540000,600000,0.283544,12.0,138.9,0,0.027809,0
3,1,0,normal,0.MOV,550000,610000,0.275915,14.0,188.1,1,0.043913,0
3,1,0,normal,0.MOV,560000,620000,0.274919,14.0,171.4,1,0.040044,0
3,1,0,normal,0.MOV,570000,630000,0.274487,14.0,176.2,1,0.041157,0
3,1,0,normal,0.MOV,580000,640000,0.276644,11.0,200.1,1,0.037243,0
3,1,0,normal,0.MOV,590000,650000,0.279678,11.0,209.2,1,0.038932,0
3,1,0,normal,0.MOV,600000,660000,0.278146,15.0,200.1,1,0.051168,0
3,1,0,normal,0.MOV,610000,670000,0.279467,14.0,178.6,0,0.042825,0
3,1,0,normal,0.MOV,620000,680000,0.282548,12.0,197.2,0,0.040601,0
3,1,0,normal,0.MOV,630000,690000,0.285407,11.0,200.2,0,0.03782,0
3,1,1,pre_fatigue,5.mov,0,60000,0.244996,14.0,318.9,0,0.074444,0
3,1,1,pre_fatigue,5.mov,10000,70000,0.24753,12.0,319.3,0,0.063889,0
3,1,1,pre_fatigue,5.mov,20000,80000,0.250608,12.0,322.2,0,0.064444,0
3,1,1,pre_fatigue,5.mov,30000,90000,0.258874,11.0,327.4,0,0.060033,0
3,1,1,pre_fatigue,5.mov,40000,100000,0.261085,8.0,308.6,0,0.045581,0
3,1,1,pre_fatigue,5.mov,50000,110000,0.261099,8.0,296.1,0,0.042246,0
3,1,1,pre_fatigue,5.mov,60000,120000,0.2592,9.0,296.7,0,0.044469,0
3,1,1,pre_fatigue,5.mov,70000,130000,0.25718,11.0,315.5,0,0.05781,0
3,1,1,pre_fatigue,5.mov,80000,140000,0.256461,11.0,318.5,0,0.058366,0
3,1,1,pre_fatigue,5.mov,90000,150000,0.251887,11.0,318.5,0,0.058333,0
3,1,1,pre_fatigue,5.mov,100000,160000,0.247993,11.0,336.7,0,0.061667,0
3,1,1,pre_fatigue,5.mov,110000,170000,0.247095,11.0,336.7,0,0.061667,0
3,1,1,pre_fatigue,5.mov,120000,180000,0.242167,11.0,457.9,1,0.084491,0
3,1,1,pre_fatigue,5.mov,130000,190000,0.237825,12.0,506.0,3,0.101723,0
3,1,1,pre_fatigue,5.mov,140000,200000,0.232779,13.0,508.1,4,0.110617,0
3,1,1,pre_fatigue,5.mov,150000,210000,0.224472,16.0,844.2,9,0.211784,0
3,1,1,pre_fatigue,5.mov,160000,220000,0.215991,20.0,1052.2,13,0.351306,0
3,1,1,pre_fatigue,5.mov,170000,230000,0.211736,21.0,1044.9,14,0.367426,0
3,1,1,pre_fatigue,5.mov,180000,240000,0.208799,23.0,1036.7,17,0.398333,0
3,1,1,pre_fatigue,5.mov,190000,250000,0.212201,24.0,969.8,15,0.389444,0
3,1,1,pre_fatigue,5.mov,200000,260000,0.211053,27.0,931.2,17,0.420556,0
3,1,1,pre_fatigue,5.mov,210000,270000,0.21704,23.0,794.5,13,0.320178,0
3,1,1,pre_fatigue,5.mov,220000,280000,0.22101,22.0,601.8,11,0.214008,0
3,1,1,pre_fatigue,5.mov,230000,290000,0.219515,21.0,597.1,10,0.209561,0
3,1,1,pre_fatigue,5.mov,240000,300000,0.221215,19.0,577.5,9,0.183435,0
3,1,1,pre_fatigue,5.mov,250000,310000,0.213727,19.0,746.1,13,0.225681,0
3,1,1,pre_fatigue,5.mov,260000,320000,0.210663,14.0,1200.8,11,0.280712,0
3,1,1,pre_fatigue,5.mov,270000,330000,0.206406,19.0,1200.6,13,0.381667,0
3,1,1,pre_fatigue,5.mov,280000,340000,0.203575,19.0,1583.2,15,0.465,0
3,1,1,pre_fatigue,5.mov,290000,350000,0.200549,20.0,1614.0,17,0.539444,0
3,1,1,pre_fatigue,5.mov,300000,360000,0.200545,21.0,1567.3,18,0.548082,0
3,1,1,pre_fatigue,5.mov,310000,370000,0.205943,19.0,1521.6,14,0.494163,0
3,1,1,pre_fatigue,5.mov,320000,380000,0.213466,19.0,1235.6,13,0.39244,0
3,1,1,pre_fatigue,5.mov,330000,390000,0.217715,16.0,1115.1,10,0.297943,0
3,1,1,pre_fatigue,5.mov,340000,400000,0.222737,16.0,646.2,7,0.203446,0
3,1,1,pre_fatigue,5.mov,350000,410000,0.230304,16.0,519.1,5,0.138966,0
3,1,1,pre_fatigue,5.mov,360000,420000,0.238908,14.0,416.9,2,0.1,0
3,1,1,pre_fatigue,5.mov,370000,430000,0.241609,12.0,447.5,2,0.09,0
3,1,1,pre_fatigue,5.mov,380000,440000,0.240228,12.0,494.7,3,0.1,0
3,1,1,pre_fatigue,5.mov,390000,450000,0.237727,12.0,647.6,5,0.130072,0
3,1,1,pre_fatigue,5.mov,400000,460000,0.239653,8.0,629.5,4,0.100056,0
3,1,1,pre_fatigue,5.mov,410000,470000,0.23882,6.0,728.2,4,0.073374,0
3,1,1,pre_fatigue,5.mov,420000,480000,0.230435,8.0,963.0,7,0.129516,0
3,1,1,pre_fatigue,5.mov,430000,490000,0.228777,9.0,915.2,8,0.13841,0
3,1,1,pre_fatigue,5.mov,440000,500000,0.230168,9.0,844.8,7,0.127293,0
3,1,1,pre_fatigue,5.mov,450000,510000,0.232152,8.0,725.1,6,0.097222,0
3,1,1,pre_fatigue,5.mov,460000,520000,0.228452,11.0,682.0,8,0.125556,0
3,1,1,pre_fatigue,5.mov,470000,530000,0.225988,12.0,653.0,8,0.131184,0
3,1,1,pre_fatigue,5.mov,480000,540000,0.229428,9.0,466.8,4,0.070039,0
3,1,1,pre_fatigue,5.mov,490000,550000,0.226589,13.0,602.8,5,0.120623,0
3,1,1,pre_fatigue,5.mov,500000,560000,0.224256,13.0,597.7,5,0.129516,0
3,1,1,pre_fatigue,5.mov,510000,570000,0.221429,14.0,664.6,6,0.155086,0
3,1,1,pre_fatigue,5.mov,520000,580000,0.221449,13.0,705.4,6,0.152863,0
3,1,1,pre_fatigue,5.mov,530000,590000,0.22198,13.0,756.7,7,0.163889,0
3,1,1,pre_fatigue,5.mov,540000,600000,0.220882,15.0,724.7,8,0.181667,0
3,1,1,pre_fatigue,5.mov,550000,610000,0.221018,14.0,633.6,8,0.158333,0
3,1,2,drowsy,10.mov,0,60000,0.216498,32.0,676.2,13,0.330556,0
3,1,2,drowsy,10.mov,10000,70000,0.20419,37.0,993.0,15,0.48,0
3,1,2,drowsy,10.mov,20000,80000,0.198545,35.0,983.9,13,0.586111,0
3,1,2,drowsy,10.mov,30000,90000,0.200229,28.0,1191.8,11,0.559444,0
3,1,2,drowsy,10.mov,40000,100000,0.202916,20.0,1193.3,9,0.457222,0
3,1,2,drowsy,10.mov,50000,110000,0.208747,17.0,1282.4,6,0.365556,0
3,1,2,drowsy,10.mov,60000,120000,0.210309,15.0,1255.6,4,0.349444,0
3,1,2,drowsy,10.mov,70000,130000,0.219259,10.0,373.3,2,0.200556,0
3,1,2,drowsy,10.mov,80000,140000,0.22704,7.0,462.0,2,0.053889,0
3,1,2,drowsy,10.mov,90000,150000,0.225431,8.0,596.1,3,0.080556,0
3,1,2,drowsy,10.mov,100000,160000,0.226914,8.0,596.1,3,0.08,0
3,1,2,drowsy,10.mov,110000,170000,0.224581,12.0,441.8,3,0.081111,0
3,1,2,drowsy,10.mov,120000,180000,0.21924,14.0,638.3,4,0.15,0
3,1,2,drowsy,10.mov,130000,190000,0.216046,20.0,710.2,8,0.239444,0
3,1,2,drowsy,10.mov,140000,200000,0.217455,20.0,730.2,9,0.247778,0
3,1,2,drowsy,10.mov,150000,210000,0.219423,18.0,716.9,8,0.217899,0
3,1,2,drowsy,10.mov,160000,220000,0.220003,20.0,676.9,8,0.22846,0
3,1,2,drowsy,10.mov,170000,230000,0.220138,16.0,816.9,9,0.229016,0
3,1,2,drowsy,10.mov,180000,240000,0.215027,19.0,965.2,10,0.291273,0
3,1,2,drowsy,10.mov,190000,250000,0.213504,14.0,1357.4,8,0.317954,0
3,1,2,drowsy,10.mov,200000,260000,0.212927,14.0,1321.7,7,0.309616,0
3,1,2,drowsy,10.mov,210000,270000,0.21202,22.0,880.5,7,0.326667,0
3,1,2,drowsy,10.mov,220000,280000,0.209337,28.0,822.8,10,0.374444,0
3,1,2,drowsy,10.mov,230000,290000,0.205069,40.0,761.0,13,0.507778,0
3,1,2,drowsy,10.mov,240000,300000,0.205348,43.0,769.9,14,0.533889,0
3,1,2,drowsy,10.mov,250000,310000,0.207443,42.0,655.7,12,0.463889,0
3,1,2,drowsy,10.mov,260000,320000,0.206022,47.0,610.0,12,0.482778,0
3,1,2,drowsy,10.mov,270000,330000,0.208438,37.0,702.8,11,0.436111,0
3,1,2,drowsy,10.mov,280000,340000,0.20882,33.0,704.2,9,0.399444,0
3,1,2,drowsy,10.mov,290000,350000,0.210434,24.0,852.9,7,0.347778,0
3,1,2,drowsy,10.mov,300000,360000,0.217899,21.0,525.3,6,0.222222,0
3,1,2,drowsy,10.mov,310000,370000,0.220055,25.0,540.0,8,0.220556,0
3,1,2,drowsy,10.mov,320000,380000,0.213173,22.0,1334.9,9,0.36,0
3,1,2,drowsy,10.mov,330000,390000,0.2053,23.0,2027.7,10,0.525556,0
3,1,2,drowsy,10.mov,340000,400000,0.198371,19.0,2373.9,9,0.670556,0
3,1,2,drowsy,10.mov,350000,410000,0.195257,17.0,2692.5,9,0.733333,0
3,1,2,drowsy,10.mov,360000,420000,0.192271,19.0,2500.3,9,0.793218,0
3,1,2,drowsy,10.mov,370000,430000,0.189036,22.0,2194.1,10,0.816009,0
3,1,2,drowsy,10.mov,380000,440000,0.192569,36.0,1084.4,13,0.777098,0
3,1,2,drowsy,10.mov,390000,450000,0.194674,52.0,545.5,15,0.735409,0
3,1,2,drowsy,10.mov,400000,460000,0.199168,61.0,585.2,19,0.652585,0
3,1,2,drowsy,10.mov,410000,470000,0.200292,74.0,506.7,18,0.616454,0
3,1,2,drowsy,10.mov,420000,480000,0.199043,77.0,489.2,19,0.642222,0
3,1,2,drowsy,10.mov,430000,490000,0.196963,79.0,528.3,19,0.685556,0
3,1,2,drowsy,10.mov,440000,500000,0.19957,64.0,566.7,16,0.621667,0
3,1,2,drowsy,10.mov,450000,510000,0.202468,52.0,632.8,15,0.551111,0
3,1,2,drowsy,10.mov,460000,520000,0.200966,54.0,679.8,15,0.603333,0
3,1,2,drowsy,10.mov,470000,530000,0.200194,44.0,783.6,16,0.627222,0
3,1,2,drowsy,10.mov,480000,540000,0.204091,36.0,904.8,15,0.542222,0
3,1,2,drowsy,10.mov,490000,550000,0.208405,31.0,838.9,13,0.452778,0
3,1,2,drowsy,10.mov,500000,560000,0.211136,35.0,766.8,13,0.449444,0
3,1,2,drowsy,10.mov,510000,570000,0.214191,31.0,772.2,11,0.401111,0
3,1,2,drowsy,10.mov,520000,580000,0.219115,21.0,641.3,8,0.276111,0
3,1,2,drowsy,10.mov,530000,590000,0.225952,16.0,479.1,5,0.127778,0
3,1,2,drowsy,10.mov,540000,600000,0.225758,16.0,402.0,4,0.110556,0
3,1,2,drowsy,10.mov,550000,610000,0.226657,11.0,478.7,3,0.087778,0
4,1,0,normal,0.mp4,0,60000,0.274384,7.0,342.9,2,0.04,0
4,1,0,normal,0.mp4,10000,70000,0.27617,7.0,348.6,2,0.040667,0
4,1,0,normal,0.mp4,20000,80000,0.276886,7.0,348.6,2,0.040667,0
4,1,0,normal,0.mp4,30000,90000,0.277552,6.0,400.0,2,0.04,0
4,1,0,normal,0.mp4,40000,100000,0.276987,6.0,386.7,2,0.038667,0
4,1,0,normal,0.mp4,50000,110000,0.283596,4.0,160.0,0,0.012667,0
4,1,0,normal,0.mp4,60000,120000,0.29575,6.0,133.3,0,0.015333,0
4,1,0,normal,0.mp4,70000,130000,0.295224,7.0,114.3,0,0.016,0
4,1,0,normal,0.mp4,80000,140000,0.301033,6.0,100.0,0,0.012667,0
4,1,0,normal,0.mp4,90000,150000,0.30502,5.0,80.0,0,0.009333,0
4,1,0,normal,0.mp4,100000,160000,0.306855,6.0,80.0,0,0.010667,0
4,1,0,normal,0.mp4,110000,170000,0.303129,7.0,80.0,0,0.010667,0
4,1,0,normal,0.mp4,120000,180000,0.29497,7.0,91.4,0,0.011333,0
4,1,0,normal,0.mp4,130000,190000,0.297142,6.0,100.0,0,0.01,0
4,1,0,normal,0.mp4,140000,200000,0.290154,7.0,97.1,0,0.011333,0
4,1,0,normal,0.mp4,150000,210000,0.283961,10.0,120.0,0,0.02,0
4,1,0,normal,0.mp4,160000,220000,0.27832,10.0,128.0,0,0.021333,0
4,1,0,normal,0.mp4,170000,230000,0.275092,10.0,128.0,0,0.021333,0
4,1,0,normal,0.mp4,180000,240000,0.269022,11.0,138.2,0,0.026,0
4,1,0,normal,0.mp4,190000,250000,0.263026,10.0,140.0,0,0.024667,0
4,1,0,normal,0.mp4,200000,260000,0.261288,13.0,147.7,0,0.033333,0
4,1,0,normal,0.mp4,210000,270000,0.260446,11.0,134.5,0,0.026,0
4,1,0,normal,0.mp4,220000,280000,0.263233,10.0,132.0,0,0.023333,0
4,1,0,normal,0.mp4,230000,290000,0.266292,10.0,140.0,0,0.024667,0
4,1,0,normal,0.mp4,240000,300000,0.272406,7.0,131.4,0,0.016,0
4,1,0,normal,0.mp4,250000,310000,0.274367,8.0,130.0,0,0.017333,0
4,1,0,normal,0.mp4,260000,320000,0.277269,4.0,110.0,0,0.007333,0
4,1,0,normal,0.mp4,270000,330000,0.280089,4.0,110.0,0,0.006667,0
4,1,0,normal,0.mp4,280000,340000,0.280366,3.0,120.0,0,0.006,0
4,1,0,normal,0.mp4,290000,350000,0.281348,4.0,90.0,0,0.006,0
4,1,0,normal,0.mp4,300000,360000,0.279356,7.0,85.7,0,0.01,0
4,1,0,normal,0.mp4,310000,370000,0.279643,7.0,80.0,0,0.009333,0
4,1,0,normal,0.mp4,320000,380000,0.281532,8.0,85.0,0,0.011333,0
4,1,0,normal,0.mp4,330000,390000,0.285515,7.0,85.7,0,0.010667,0
4,1,0,normal,0.mp4,340000,400000,0.288051,8.0,90.0,0,0.012,0
4,1,0,normal,0.mp4,350000,410000,0.284647,10.0,184.0,0,0.030667,0
4,1,0,normal,0.mp4,360000,420000,0.286123,7.0,228.6,0,0.026667,0
4,1,0,normal,0.mp4,370000,430000,0.285457,7.0,228.6,0,0.027333,0
4,1,0,normal,0.mp4,380000,440000,0.280946,7.0,240.0,0,0.028667,0
4,1,0,normal,0.mp4,390000,450000,0.276017,9.0,226.7,0,0.034667,0
4,1,0,normal,0.mp4,400000,460000,0.271524,10.0,224.0,0,0.038,0
4,1,0,normal,0.mp4,410000,470000,0.271667,8.0,170.0,0,0.023333,0
4,1,0,normal,0.mp4,420000,480000,0.268864,9.0,160.0,0,0.024667,0
4,1,0,normal,0.mp4,430000,490000,0.270184,10.0,156.0,0,0.026,0
4,1,0,normal,0.mp4,440000,500000,0.274807,9.0,151.1,0,0.022667,0
4,1,0,normal,0.mp4,450000,510000,0.275711,9.0,133.3,0,0.02,0
4,1,0,normal,0.mp4,460000,520000,0.277102,9.0,142.2,0,0.02,0
4,1,0,normal,0.mp4,470000,530000,0.276168,9.0,137.8,0,0.020667,0
4,1,0,normal,0.mp4,480000,540000,0.276496,9.0,146.7,0,0.022,0
4,1,0,normal,0.mp4,490000,550000,0.274966,7.0,160.0,0,0.018667,0
4,1,0,normal,0.mp4,500000,560000,0.273964,8.0,165.0,0,0.022,0
4,1,0,normal,0.mp4,510000,570000,0.272864,8.0,165.0,0,0.022,0
4,1,0,normal,0.mp4,520000,580000,0.273836,6.0,153.3,0,0.016667,0
4,1,0,normal,0.mp4,530000,590000,0.27597,7.0,131.4,0,0.016,0
4,1,0,normal,0.mp4,540000,600000,0.27658,7.0,120.0,0,0.014667,0
4,1,0,normal,0.mp4,550000,610000,0.273482,11.0,116.4,0,0.022,0
4,1,1,pre_fatigue,5.mp4,0,60000,0.314896,15.0,166.7,1,0.042778,0
4,1,1,pre_fatigue,5.mp4,10000,70000,0.309706,14.0,128.6,0,0.031111,0
4,1,1,pre_fatigue,5.mp4,20000,80000,0.291343,14.0,126.1,0,0.03,0
4,1,1,pre_fatigue,5.mp4,30000,90000,0.296886,16.0,122.8,0,0.033333,0
4,1,1,pre_fatigue,5.mp4,40000,100000,0.295854,16.0,120.8,0,0.032222,0
4,1,1,pre_fatigue,5.mp4,50000,110000,0.293292,13.0,120.5,0,0.026111,0
4,1,1,pre_fatigue,5.mp4,60000,120000,0.292552,12.0,113.8,0,0.022778,0
4,1,1,pre_fatigue,5.mp4,70000,130000,0.286999,13.0,184.5,1,0.04,0
4,1,1,pre_fatigue,5.mp4,80000,140000,0.282512,15.0,193.3,1,0.048889,0
4,1,1,pre_fatigue,5.mp4,90000,150000,0.267787,16.0,220.8,1,0.059444,0
4,1,1,pre_fatigue,5.mp4,100000,160000,0.26341,18.0,220.4,1,0.066667,0
4,1,1,pre_fatigue,5.mp4,110000,170000,0.263431,18.0,220.4,1,0.066667,0
4,1,1,pre_fatigue,5.mp4,120000,180000,0.257425,22.0,227.3,2,0.085,0
4,1,1,pre_fatigue,5.mp4,130000,190000,0.258395,22.0,186.4,1,0.070556,0
4,1,1,pre_fatigue,5.mp4,140000,200000,0.252921,26.0,180.8,1,0.080556,0
4,1,1,pre_fatigue,5.mp4,150000,210000,0.253752,25.0,166.7,1,0.072778,0
4,1,1,pre_fatigue,5.mp4,160000,220000,0.259698,25.0,160.0,1,0.07,0
4,1,1,pre_fatigue,5.mp4,170000,230000,0.253398,27.0,158.0,1,0.074444,0
4,1,1,pre_fatigue,5.mp4,180000,240000,0.250537,27.0,138.3,0,0.065556,0
4,1,1,pre_fatigue,5.mp4,190000,250000,0.245452,27.0,146.9,0,0.067778,0
4,1,1,pre_fatigue,5.mp4,200000,260000,0.245813,20.0,136.7,0,0.048889,0
4,1,1,pre_fatigue,5.mp4,210000,270000,0.244213,20.0,138.3,0,0.048333,0
4,1,1,pre_fatigue,5.mp4,220000,280000,0.243101,17.0,137.2,0,0.041318,0
4,1,1,pre_fatigue,5.mp4,230000,290000,0.241531,16.0,135.4,0,0.038526,0
4,1,1,pre_fatigue,5.mp4,240000,300000,0.243666,13.0,135.8,0,0.030709,0
4,1,1,pre_fatigue,5.mp4,250000,310000,0.243953,11.0,160.5,0,0.031826,0
4,1,1,pre_fatigue,5.mp4,260000,320000,0.242364,11.0,175.5,0,0.032384,0
4,1,1,pre_fatigue,5.mp4,270000,330000,0.242477,9.0,207.1,0,0.031267,0
4,1,1,pre_fatigue,5.mp4,280000,340000,0.237699,10.0,229.8,0,0.038333,0
4,1,1,pre_fatigue,5.mp4,290000,350000,0.236893,11.0,230.1,0,0.042222,0
4,1,1,pre_fatigue,5.mp4,300000,360000,0.235683,12.0,235.9,0,0.047222,0
4,1,1,pre_fatigue,5.mp4,310000,370000,0.237766,11.0,236.3,0,0.043333,0
4,1,1,pre_fatigue,5.mp4,320000,380000,0.2415,12.0,230.5,0,0.046111,0
4,1,1,pre_fatigue,5.mp4,330000,390000,0.243519,12.0,208.4,0,0.041667,0
4,1,1,pre_fatigue,5.mp4,340000,400000,0.241465,13.0,200.1,0,0.043333,0
4,1,1,pre_fatigue,5.mp4,350000,410000,0.240173,19.0,235.2,1,0.074444,0
4,1,1,pre_fatigue,5.mp4,360000,420000,0.276613,19.0,228.2,1,0.075957,0
4,1,1,pre_fatigue,5.mp4,370000,430000,0.313478,17.0,217.8,1,0.067708,0
4,1,1,pre_fatigue,5.mp4,380000,440000,0.339704,18.0,207.6,1,0.070464,0
4,1,1,pre_fatigue,5.mp4,390000,450000,0.334539,21.0,231.9,1,0.091016,0
4,1,1,pre_fatigue,5.mp4,400000,460000,0.330693,23.0,239.2,1,0.10276,0
4,1,1,pre_fatigue,5.mp4,410000,470000,0.332748,18.0,214.8,0,0.074574,0
4,1,1,pre_fatigue,5.mp4,420000,480000,0.293026,20.0,221.8,0,0.080479,0
4,1,1,pre_fatigue,5.mp4,430000,490000,0.260758,26.0,194.9,0,0.089014,0
4,1,1,pre_fatigue,5.mp4,440000,500000,0.231776,30.0,202.2,0,0.103333,0
4,1,1,pre_fatigue,5.mp4,450000,510000,0.236217,28.0,186.9,0,0.089444,0
4,1,1,pre_fatigue,5.mp4,460000,520000,0.23885,32.0,205.3,1,0.111111,0
4,1,1,pre_fatigue,5.mp4,470000,530000,0.2359,39.0,236.8,3,0.156667,0
4,1,1,pre_fatigue,5.mp4,480000,540000,0.236397,41.0,229.3,3,0.16,0
4,1,1,pre_fatigue,5.mp4,490000,550000,0.229756,39.0,249.6,3,0.165,0
4,1,1,pre_fatigue,5.mp4,500000,560000,0.231595,32.0,259.4,3,0.141111,0
4,1,1,pre_fatigue,5.mp4,510000,570000,0.229886,32.0,262.6,3,0.142222,0
4,1,1,pre_fatigue,5.mp4,520000,580000,0.233841,29.0,223.0,2,0.110556,0
4,1,1,pre_fatigue,5.mp4,530000,590000,0.237281,20.0,173.3,0,0.056111,0
4,1,1,pre_fatigue,5.mp4,540000,600000,0.236059,17.0,186.2,0,0.053333,0
4,1,2,drowsy,10.mp4,0,60000,0.29391,9.0,253.3,0,0.038,0
4,1,2,drowsy,10.mp4,10000,70000,0.293834,8.0,265.0,0,0.035333,0
4,1,2,drowsy,10.mp4,20000,80000,0.292412,9.0,266.7,0,0.04,0
4,1,2,drowsy,10.mp4,30000,90000,0.292558,7.0,285.7,0,0.033333,0
4,1,2,drowsy,10.mp4,40000,100000,0.29367,7.0,268.6,0,0.03,0
4,1,2,drowsy,10.mp4,50000,110000,0.29215,8.0,275.0,0,0.036667,0
4,1,2,drowsy,10.mp4,60000,120000,0.291118,10.0,260.0,0,0.043333,0
4,1,2,drowsy,10.mp4,70000,130000,0.289395,11.0,243.6,0,0.044667,0
4,1,2,drowsy,10.mp4,80000,140000,0.289723,12.0,236.7,0,0.047333,0
4,1,2,drowsy,10.mp4,90000,150000,0.286341,15.0,234.7,0,0.058667,0
4,1,2,drowsy,10.mp4,100000,160000,0.281804,17.0,235.3,0,0.068,0
4,1,2,drowsy,10.mp4,110000,170000,0.283096,17.0,223.5,0,0.063333,0
4,1,2,drowsy,10.mp4,120000,180000,0.280509,19.0,218.9,0,0.069333,0
4,1,2,drowsy,10.mp4,130000,190000,0.282468,20.0,218.0,0,0.072667,0
4,1,2,drowsy,10.mp4,140000,200000,0.283865,19.0,216.8,0,0.068667,0
4,1,2,drowsy,10.mp4,150000,210000,0.284313,19.0,218.9,0,0.069333,0
4,1,2,drowsy,10.mp4,160000,220000,0.286982,18.0,213.3,0,0.064,0
4,1,2,drowsy,10.mp4,170000,230000,0.284481,19.0,221.1,0,0.07,0
4,1,2,drowsy,10.mp4,180000,240000,0.284967,19.0,225.3,0,0.071333,0
4,1,2,drowsy,10.mp4,190000,250000,0.283595,18.0,226.7,0,0.068,0
4,1,2,drowsy,10.mp4,200000,260000,0.284454,18.0,220.0,0,0.066,0
4,1,2,drowsy,10.mp4,210000,270000,0.288779,16.0,210.0,0,0.056,0
4,1,2,drowsy,10.mp4,220000,280000,0.291632,15.0,202.7,0,0.051333,0
4,1,2,drowsy,10.mp4,230000,290000,0.295713,14.0,182.9,0,0.043333,0
4,1,2,drowsy,10.mp4,240000,300000,0.300561,10.0,172.0,0,0.029333,0
4,1,2,drowsy,10.mp4,250000,310000,0.302244,11.0,167.3,0,0.031333,0
4,1,2,drowsy,10.mp4,260000,320000,0.30386,11.0,167.3,0,0.028667,0
4,1,2,drowsy,10.mp4,270000,330000,0.302703,11.0,174.5,0,0.032667,0
4,1,2,drowsy,10.mp4,280000,340000,0.303783,11.0,174.5,0,0.032,0
4,1,2,drowsy,10.mp4,290000,350000,0.303714,11.0,196.4,0,0.036,0
4,1,2,drowsy,10.mp4,300000,360000,0.305138,10.0,192.0,0,0.032,0
4,1,2,drowsy,10.mp4,310000,370000,0.305154,9.0,200.0,0,0.03,0
4,1,2,drowsy,10.mp4,320000,380000,0.304042,8.0,205.0,0,0.03,0
4,1,2,drowsy,10.mp4,330000,390000,0.303773,9.0,204.4,0,0.030667,0
4,1,2,drowsy,10.mp4,340000,400000,0.305196,7.0,211.4,0,0.024667,0
4,1,2,drowsy,10.mp4,350000,410000,0.30564,7.0,194.3,0,0.022667,0
4,1,2,drowsy,10.mp4,360000,420000,0.304369,9.0,191.1,0,0.028667,0
4,1,2,drowsy,10.mp4,370000,430000,0.304004,10.0,184.0,0,0.030667,0
4,1,2,drowsy,10.mp4,380000,440000,0.30291,12.0,183.3,0,0.036667,0
4,1,2,drowsy,10.mp4,390000,450000,0.302509,13.0,178.5,0,0.038667,0
4,1,2,drowsy,10.mp4,400000,460000,0.300499,14.0,182.9,0,0.042667,0
4,1,2,drowsy,10.mp4,410000,470000,0.299565,14.0,180.0,0,0.042,0
4,1,2,drowsy,10.mp4,420000,480000,0.298276,15.0,186.7,0,0.046667,0
4,1,2,drowsy,10.mp4,430000,490000,0.298772,14.0,182.9,0,0.042667,0
4,1,2,drowsy,10.mp4,440000,500000,0.301384,11.0,181.8,0,0.033333,0
4,1,2,drowsy,10.mp4,450000,510000,0.303337,9.0,195.6,0,0.029333,0
4,1,2,drowsy,10.mp4,460000,520000,0.306604,8.0,190.0,0,0.025333,0
4,1,2,drowsy,10.mp4,470000,530000,0.309866,6.0,200.0,0,0.02,0
4,1,2,drowsy,10.mp4,480000,540000,0.312568,4.0,190.0,0,0.012667,0
4,1,2,drowsy,10.mp4,490000,550000,0.313541,4.0,220.0,0,0.014667,0
4,1,2,drowsy,10.mp4,500000,560000,0.313082,5.0,224.0,0,0.018667,0
4,1,2,drowsy,10.mp4,510000,570000,0.313594,6.0,206.7,0,0.020667,0
4,1,2,drowsy,10.mp4,520000,580000,0.310644,8.0,200.0,0,0.026667,0
4,1,2,drowsy,10.mp4,530000,590000,0.303371,10.0,208.0,0,0.033333,0
4,1,2,drowsy,10.mp4,540000,600000,0.298645,10.0,216.0,0,0.036,0
4,1,2,drowsy,10.mp4,550000,610000,0.295409,9.0,226.7,0,0.034,0
5,1,0,normal,0.MOV,0,60000,0.327785,9.0,122.1,0,0.020533,0
5,1,0,normal,0.MOV,10000,70000,0.327687,11.0,115.1,0,0.022765,0
5,1,0,normal,0.MOV,20000,80000,0.330156,9.0,111.0,0,0.018323,0
5,1,0,normal,0.MOV,30000,90000,0.332686,7.0,114.3,0,0.014983,0
5,1,0,normal,0.MOV,40000,100000,0.331787,7.0,104.7,0,0.013319,0
5,1,0,normal,0.MOV,50000,110000,0.329841,6.0,105.5,0,0.012215,0
5,1,0,normal,0.MOV,60000,120000,0.326679,5.0,100.0,0,0.009439,0
5,1,0,normal,0.MOV,70000,130000,0.326436,2.0,116.5,0,0.006104,0
5,1,0,normal,0.MOV,80000,140000,0.324589,3.0,111.0,0,0.007214,0
5,1,0,normal,0.MOV,90000,150000,0.323069,3.0,99.7,0,0.006108,0
5,1,0,normal,0.MOV,100000,160000,0.319018,4.0,141.8,0,0.011105,0
5,1,0,normal,0.MOV,110000,170000,0.317453,7.0,147.6,0,0.018313,0
5,1,0,normal,0.MOV,120000,180000,0.317843,7.0,147.6,0,0.018313,0
5,1,0,normal,0.MOV,130000,190000,0.316878,7.0,147.6,0,0.017768,0
5,1,0,normal,0.MOV,140000,200000,0.316294,8.0,137.5,0,0.018878,0
5,1,0,normal,0.MOV,150000,210000,0.316345,9.0,129.6,0,0.021088,0
5,1,0,normal,0.MOV,160000,220000,0.320788,8.0,112.2,0,0.016648,0
5,1,0,normal,0.MOV,170000,230000,0.324165,7.0,109.3,0,0.014436,0
5,1,0,normal,0.MOV,180000,240000,0.322234,9.0,107.2,0,0.018323,0
5,1,0,normal,0.MOV,190000,250000,0.314431,11.0,118.0,0,0.023307,0
5,1,0,normal,0.MOV,200000,260000,0.311979,11.0,118.0,0,0.023307,0
5,1,0,normal,0.MOV,210000,270000,0.313147,9.0,122.1,0,0.019989,0
5,1,0,normal,0.MOV,220000,280000,0.314137,8.0,129.1,0,0.018323,0
5,1,0,normal,0.MOV,230000,290000,0.315091,6.0,116.7,0,0.012764,0
5,1,0,normal,0.MOV,240000,300000,0.316785,4.0,125.0,0,0.008879,0
5,1,0,normal,0.MOV,250000,310000,0.323809,2.0,83.5,0,0.003887,0
5,1,0,normal,0.MOV,260000,320000,0.324777,0.0,0.0,0,0.00111,0
5,1,0,normal,0.MOV,270000,330000,0.32264,0.0,0.0,0,0.000555,0
5,1,0,normal,0.MOV,280000,340000,0.319927,1.0,133.0,0,0.00333,0
5,1,0,normal,0.MOV,290000,350000,0.314993,3.0,221.7,0,0.012215,0
5,1,0,normal,0.MOV,300000,360000,0.313805,5.0,179.4,0,0.016102,0
5,1,0,normal,0.MOV,310000,370000,0.311831,5.0,179.4,0,0.015538,0
5,1,0,normal,0.MOV,320000,380000,0.309651,9.0,144.0,0,0.022198,0
5,1,0,normal,0.MOV,330000,390000,0.309092,12.0,130.2,0,0.027207,0
5,1,0,normal,0.MOV,340000,400000,0.308456,12.0,130.2,0,0.026652,0
5,1,0,normal,0.MOV,350000,410000,0.310407,12.0,108.1,0,0.022198,0
5,1,0,normal,0.MOV,360000,420000,0.309954,13.0,115.2,0,0.025527,0
5,1,0,normal,0.MOV,370000,430000,0.309397,15.0,115.5,0,0.029428,0
5,1,0,normal,0.MOV,380000,440000,0.309443,14.0,126.1,0,0.030539,0
5,1,0,normal,0.MOV,390000,450000,0.313162,11.0,136.4,0,0.025527,0
5,1,0,normal,0.MOV,400000,460000,0.316119,10.0,136.7,0,0.023862,0
5,1,0,normal,0.MOV,410000,470000,0.31781,8.0,137.5,0,0.019434,0
5,1,0,normal,0.MOV,420000,480000,0.318523,7.0,133.3,0,0.016657,0
5,1,0,normal,0.MOV,430000,490000,0.323515,5.0,139.8,0,0.012764,0
5,1,0,normal,0.MOV,440000,500000,0.326296,3.0,144.0,0,0.007769,0
5,1,0,normal,0.MOV,450000,510000,0.319574,7.0,152.3,0,0.018323,0
5,1,0,normal,0.MOV,460000,520000,0.319838,7.0,152.3,0,0.017768,0
5,1,0,normal,0.MOV,470000,530000,0.320231,8.0,141.6,0,0.019423,0
5,1,0,normal,0.MOV,480000,540000,0.316583,8.0,141.6,0,0.019423,0
5,1,0,normal,0.MOV,490000,550000,0.310612,11.0,145.5,0,0.028318,0
5,1,0,normal,0.MOV,500000,560000,0.308721,11.0,145.5,0,0.028318,0
5,1,0,normal,0.MOV,510000,570000,0.307957,10.0,140.1,0,0.024972,0
5,1,0,normal,0.MOV,520000,580000,0.296278,16.0,193.7,0,0.04828,0
5,1,0,normal,0.MOV,530000,590000,0.284212,19.0,234.9,0,0.076069,0
5,1,0,normal,0.MOV,540000,600000,0.284355,20.0,229.8,0,0.078845,0
5,1,0,normal,0.MOV,550000,610000,0.279202,21.0,225.3,0,0.080466,0
5,1,1,pre_fatigue,5.MOV,0,60000,0.306836,25.0,223.7,2,0.09323,0
5,1,1,pre_fatigue,5.MOV,10000,70000,0.311859,21.0,225.0,2,0.078845,0
5,1,1,pre_fatigue,5.MOV,20000,80000,0.314061,19.0,227.7,2,0.072182,0
5,1,1,pre_fatigue,5.MOV,30000,90000,0.322543,15.0,128.7,0,0.032186,0
5,1,1,pre_fatigue,5.MOV,40000,100000,0.315219,14.0,237.6,1,0.055494,0
5,1,1,pre_fatigue,5.MOV,50000,110000,0.307309,19.0,255.8,1,0.081066,0
5,1,1,pre_fatigue,5.MOV,60000,120000,0.308198,19.0,252.4,1,0.079956,0
5,1,1,pre_fatigue,5.MOV,70000,130000,0.299418,22.0,278.5,2,0.102664,0
5,1,1,pre_fatigue,5.MOV,80000,140000,0.294384,21.0,280.8,2,0.098779,0
5,1,1,pre_fatigue,5.MOV,90000,150000,0.291795,19.0,299.8,2,0.095502,0
5,1,1,pre_fatigue,5.MOV,100000,160000,0.294961,17.0,227.4,1,0.064964,0
5,1,1,pre_fatigue,5.MOV,110000,170000,0.29945,11.0,196.9,1,0.037181,0
5,1,1,pre_fatigue,5.MOV,120000,180000,0.294489,11.0,206.0,1,0.038846,0
5,1,1,pre_fatigue,5.MOV,130000,190000,0.297136,12.0,113.8,0,0.02221,0
5,1,1,pre_fatigue,5.MOV,140000,200000,0.295541,11.0,124.2,0,0.02332,0
5,1,1,pre_fatigue,5.MOV,150000,210000,0.292766,11.0,121.2,0,0.022752,0
5,1,1,pre_fatigue,5.MOV,160000,220000,0.292237,16.0,133.3,0,0.036071,0
5,1,1,pre_fatigue,5.MOV,170000,230000,0.290122,19.0,133.4,0,0.042199,0
5,1,1,pre_fatigue,5.MOV,180000,240000,0.287856,19.0,140.3,0,0.04442,0
5,1,1,pre_fatigue,5.MOV,190000,250000,0.285318,23.0,165.1,0,0.064373,0
5,1,1,pre_fatigue,5.MOV,200000,260000,0.287516,23.0,165.1,0,0.063263,0
5,1,1,pre_fatigue,5.MOV,210000,270000,0.290789,23.0,165.1,0,0.063853,0
5,1,1,pre_fatigue,5.MOV,220000,280000,0.288388,26.0,194.8,0,0.084953,0
5,1,1,pre_fatigue,5.MOV,230000,290000,0.2967,23.0,204.2,0,0.078801,0
5,1,1,pre_fatigue,5.MOV,240000,300000,0.309451,21.0,201.5,0,0.071032,0
5,1,1,pre_fatigue,5.MOV,250000,310000,0.321823,14.0,199.9,0,0.047196,0
5,1,1,pre_fatigue,5.MOV,260000,320000,0.329842,13.0,202.5,0,0.04442,0
5,1,1,pre_fatigue,5.MOV,270000,330000,0.330429,15.0,197.7,0,0.048835,0
5,1,1,pre_fatigue,5.MOV,280000,340000,0.333618,8.0,208.0,1,0.027747,0
5,1,1,pre_fatigue,5.MOV,290000,350000,0.322227,11.0,196.7,1,0.036091,0
5,1,1,pre_fatigue,5.MOV,300000,360000,0.315008,11.0,199.7,1,0.037202,0
5,1,1,pre_fatigue,5.MOV,310000,370000,0.307453,15.0,186.5,1,0.04717,0
5,1,1,pre_fatigue,5.MOV,320000,380000,0.30047,18.0,170.2,1,0.051609,0
5,1,1,pre_fatigue,5.MOV,330000,390000,0.298398,19.0,170.0,1,0.055525,0
5,1,1,pre_fatigue,5.MOV,340000,400000,0.301488,18.0,135.1,0,0.041644,0
5,1,1,pre_fatigue,5.MOV,350000,410000,0.309054,14.0,128.4,0,0.031077,0
5,1,1,pre_fatigue,5.MOV,360000,420000,0.30815,14.0,128.5,0,0.030522,0
5,1,1,pre_fatigue,5.MOV,370000,430000,0.302014,14.0,209.4,1,0.049417,0
5,1,1,pre_fatigue,5.MOV,380000,440000,0.302002,15.0,217.6,1,0.055525,0
5,1,1,pre_fatigue,5.MOV,390000,450000,0.304236,12.0,230.4,1,0.04717,0
5,1,1,pre_fatigue,5.MOV,400000,460000,0.308897,11.0,242.3,1,0.045505,0
5,1,1,pre_fatigue,5.MOV,410000,470000,0.310013,13.0,215.3,1,0.047751,0
5,1,1,pre_fatigue,5.MOV,420000,480000,0.314867,12.0,222.1,1,0.04553,0
5,1,1,pre_fatigue,5.MOV,430000,490000,0.324751,8.0,116.6,0,0.016648,0
5,1,1,pre_fatigue,5.MOV,440000,500000,0.331225,4.0,83.2,0,0.006104,0
5,1,1,pre_fatigue,5.MOV,450000,510000,0.336201,3.0,89.0,0,0.004442,0
5,1,1,pre_fatigue,5.MOV,460000,520000,0.33417,5.0,140.0,0,0.01166,0
5,1,1,pre_fatigue,5.MOV,470000,530000,0.33851,3.0,188.7,0,0.009434,0
5,1,1,pre_fatigue,5.MOV,480000,540000,0.338727,3.0,188.7,0,0.009434,0
5,1,1,pre_fatigue,5.MOV,490000,550000,0.337659,2.0,216.5,0,0.007218,0
5,1,1,pre_fatigue,5.MOV,500000,560000,0.336791,3.0,177.3,0,0.008884,0
5,1,1,pre_fatigue,5.MOV,510000,570000,0.338527,3.0,177.3,0,0.008879,0
5,1,1,pre_fatigue,5.MOV,520000,580000,0.336404,5.0,153.2,0,0.012764,0
5,1,1,pre_fatigue,5.MOV,530000,590000,0.330219,8.0,141.6,0,0.019434,0
5,1,1,pre_fatigue,5.MOV,540000,600000,0.318208,13.0,182.0,0,0.039978,0
5,1,2,drowsy,10.MOV,0,60000,0.318891,16.0,108.1,0,0.030522,0
5,1,2,drowsy,10.MOV,10000,70000,0.323775,12.0,88.7,0,0.019989,0
5,1,2,drowsy,10.MOV,20000,80000,0.322933,12.0,88.7,0,0.019989,0
5,1,2,drowsy,10.MOV,30000,90000,0.322591,14.0,90.4,0,0.023307,0
5,1,2,drowsy,10.MOV,40000,100000,0.320583,17.0,92.1,0,0.028302,0
5,1,2,drowsy,10.MOV,50000,110000,0.32047,15.0,93.2,0,0.026097,0
5,1,2,drowsy,10.MOV,60000,120000,0.320956,11.0,103.0,0,0.020544,0
5,1,2,drowsy,10.MOV,70000,130000,0.320506,11.0,109.0,0,0.021643,0
5,1,2,drowsy,10.MOV,80000,140000,0.313523,15.0,266.5,1,0.068257,0
5,1,2,drowsy,10.MOV,90000,150000,0.315773,15.0,268.7,1,0.068851,0
5,1,2,drowsy,10.MOV,100000,160000,0.31584,17.0,260.6,1,0.075514,0
5,1,2,drowsy,10.MOV,110000,170000,0.312456,19.0,259.5,1,0.083241,0
5,1,2,drowsy,10.MOV,120000,180000,0.311838,20.0,256.6,1,0.087125,0
5,1,2,drowsy,10.MOV,130000,190000,0.306755,22.0,284.7,2,0.105497,0
5,1,2,drowsy,10.MOV,140000,200000,0.315969,17.0,197.9,1,0.056635,0
5,1,2,drowsy,10.MOV,150000,210000,0.31608,16.0,206.1,1,0.056049,0
5,1,2,drowsy,10.MOV,160000,220000,0.318423,14.0,209.3,1,0.049945,0
5,1,2,drowsy,10.MOV,170000,230000,0.319953,15.0,202.0,1,0.051638,0
5,1,2,drowsy,10.MOV,180000,240000,0.318336,18.0,183.2,1,0.055525,0
5,1,2,drowsy,10.MOV,190000,250000,0.3235,17.0,127.4,0,0.037181,0
5,1,2,drowsy,10.MOV,200000,260000,0.318725,22.0,142.4,0,0.053274,0
5,1,2,drowsy,10.MOV,210000,270000,0.309642,29.0,168.9,0,0.07829,0
5,1,2,drowsy,10.MOV,220000,280000,0.300726,31.0,176.2,0,0.091616,0
5,1,2,drowsy,10.MOV,230000,290000,0.296647,31.0,188.0,1,0.097669,0
5,1,2,drowsy,10.MOV,240000,300000,0.292866,30.0,196.5,1,0.098779,0
5,1,2,drowsy,10.MOV,250000,310000,0.28707,31.0,199.8,1,0.103276,0
5,1,2,drowsy,10.MOV,260000,320000,0.285061,28.0,197.4,1,0.092726,0
5,1,2,drowsy,10.MOV,270000,330000,0.29271,23.0,170.8,1,0.069922,0
5,1,2,drowsy,10.MOV,280000,340000,0.300864,21.0,168.1,1,0.059378,0
5,1,2,drowsy,10.MOV,290000,350000,0.306163,17.0,143.0,0,0.042199,0
5,1,2,drowsy,10.MOV,300000,360000,0.309318,17.0,137.1,0,0.041644,0
5,1,2,drowsy,10.MOV,310000,370000,0.309877,17.0,146.8,0,0.04495,0
5,1,2,drowsy,10.MOV,320000,380000,0.302204,24.0,557.9,1,0.093785,0
5,1,2,drowsy,10.MOV,330000,390000,0.266581,22.0,628.2,2,0.233759,0
5,1,2,drowsy,10.MOV,340000,400000,0.260951,24.0,588.4,2,0.238756,0
5,1,2,drowsy,10.MOV,350000,410000,0.25678,29.0,519.1,2,0.253052,0
5,1,2,drowsy,10.MOV,360000,420000,0.254143,31.0,502.8,2,0.258047,0
5,1,2,drowsy,10.MOV,370000,430000,0.22242,29.0,1027.8,3,0.388673,0
5,1,2,drowsy,10.MOV,380000,440000,0.206199,23.0,838.4,2,0.454192,0
5,1,2,drowsy,10.MOV,390000,450000,0.231712,27.0,768.4,2,0.345727,0
5,1,2,drowsy,10.MOV,400000,460000,0.219503,30.0,1137.9,3,0.415649,0
5,1,2,drowsy,10.MOV,410000,470000,0.189516,25.0,1349.6,4,0.562465,0
5,1,2,drowsy,10.MOV,420000,480000,0.16471,25.0,1668.0,5,0.691283,0
5,1,2,drowsy,10.MOV,430000,490000,0.18392,31.0,981.9,6,0.615982,0
5,1,2,drowsy,10.MOV,440000,500000,0.195732,33.0,1077.8,8,0.571587,0
5,1,2,drowsy,10.MOV,450000,510000,0.194911,32.0,1067.8,7,0.569684,0
5,1,2,drowsy,10.MOV,460000,520000,0.202138,28.0,751.8,6,0.504164,0
5,1,2,drowsy,10.MOV,470000,530000,0.22405,34.0,664.1,6,0.376249,0
5,1,2,drowsy,10.MOV,480000,540000,0.24636,34.0,432.9,5,0.251942,0
5,1,2,drowsy,10.MOV,490000,550000,0.255784,32.0,375.8,3,0.200444,0
5,1,2,drowsy,10.MOV,500000,560000,0.267989,29.0,227.4,1,0.131038,0
5,1,2,drowsy,10.MOV,510000,570000,0.276627,28.0,221.3,1,0.103219,0
5,1,2,drowsy,10.MOV,520000,580000,0.280671,29.0,544.4,2,0.109878,0
5,1,2,drowsy,10.MOV,530000,590000,0.256901,24.0,584.3,1,0.233759,0
5,1,2,drowsy,10.MOV,540000,600000,0.244277,26.0,634.1,3,0.274847,0
6,1,0,normal,0.mp4,0,60000,0.281133,11.0,152.9,0,0.028037,0
6,1,0,normal,0.mp4,10000,70000,0.282939,12.0,143.5,0,0.028705,0
6,1,0,normal,0.mp4,20000,80000,0.280227,11.0,182.2,0,0.0334,0
6,1,0,normal,0.mp4,30000,90000,0.269647,11.0,196.7,0,0.036048,0
6,1,0,normal,0.mp4,40000,100000,0.261251,14.0,214.6,0,0.050067,0
6,1,0,normal,0.mp4,50000,110000,0.267286,18.0,204.9,0,0.061456,0
6,1,0,normal,0.mp4,60000,120000,0.266283,20.0,204.5,0,0.068091,0
6,1,0,normal,0.mp4,70000,130000,0.260754,21.0,206.2,0,0.072764,0
6,1,0,normal,0.mp4,80000,140000,0.263182,24.0,183.9,0,0.074099,0
6,1,0,normal,0.mp4,90000,150000,0.270908,24.0,177.2,0,0.071429,0
6,1,0,normal,0.mp4,100000,160000,0.277129,22.0,160.5,0,0.059452,0
6,1,0,normal,0.mp4,110000,170000,0.277405,20.0,144.3,0,0.047397,0
6,1,0,normal,0.mp4,120000,180000,0.275067,19.0,143.4,0,0.046729,0
6,1,0,normal,0.mp4,130000,190000,0.276977,19.0,147.6,0,0.047428,0
6,1,0,normal,0.mp4,140000,200000,0.27648,16.0,147.6,0,0.040053,0
6,1,0,normal,0.mp4,150000,210000,0.275962,15.0,146.7,0,0.037383,0
6,1,0,normal,0.mp4,160000,220000,0.271386,17.0,153.0,0,0.044059,0
6,1,0,normal,0.mp4,170000,230000,0.270862,15.0,157.4,0,0.041389,0
6,1,0,normal,0.mp4,180000,240000,0.271316,16.0,155.1,0,0.041416,0
6,1,0,normal,0.mp4,190000,250000,0.273191,14.0,154.3,0,0.036048,0
6,1,0,normal,0.mp4,200000,260000,0.275744,13.0,160.0,0,0.034713,0
6,1,0,normal,0.mp4,210000,270000,0.276098,15.0,162.7,0,0.041416,0
6,1,0,normal,0.mp4,220000,280000,0.278124,15.0,157.5,0,0.040053,0
6,1,0,normal,0.mp4,230000,290000,0.273597,22.0,173.0,0,0.063418,0
6,1,0,normal,0.mp4,240000,300000,0.271969,22.0,200.3,1,0.072764,0
6,1,0,normal,0.mp4,250000,310000,0.270495,23.0,196.8,1,0.076769,0
6,1,0,normal,0.mp4,260000,320000,0.266944,26.0,188.0,1,0.0835,0
6,1,0,normal,0.mp4,270000,330000,0.26877,25.0,181.1,1,0.077437,0
6,1,0,normal,0.mp4,280000,340000,0.271739,23.0,184.6,1,0.072764,0
6,1,0,normal,0.mp4,290000,350000,0.27771,16.0,175.2,1,0.049432,0
6,1,0,normal,0.mp4,300000,360000,0.282639,15.0,136.1,0,0.037383,0
6,1,0,normal,0.mp4,310000,370000,0.285625,15.0,133.5,0,0.034736,0
6,1,0,normal,0.mp4,320000,380000,0.290533,12.0,123.3,0,0.025367,0
6,1,0,normal,0.mp4,330000,390000,0.292684,12.0,123.4,0,0.0247,0
6,1,0,normal,0.mp4,340000,400000,0.291199,14.0,125.9,0,0.029392,0
6,1,0,normal,0.mp4,350000,410000,0.293225,19.0,128.5,0,0.041389,0
6,1,0,normal,0.mp4,360000,420000,0.292265,22.0,125.5,0,0.046729,0
6,1,0,normal,0.mp4,370000,430000,0.291312,27.0,120.1,0,0.05474,0
6,1,0,normal,0.mp4,380000,440000,0.289178,28.0,124.4,0,0.058745,0
6,1,0,normal,0.mp4,390000,450000,0.281541,27.0,127.5,0,0.058116,0
6,1,0,normal,0.mp4,400000,460000,0.281603,27.0,157.2,1,0.071429,0
6,1,0,normal,0.mp4,410000,470000,0.273148,23.0,214.2,2,0.082109,0
6,1,0,normal,0.mp4,420000,480000,0.267327,21.0,268.9,3,0.094856,0
6,1,0,normal,0.mp4,430000,490000,0.263377,17.0,322.7,3,0.092123,0
6,1,0,normal,0.mp4,440000,500000,0.258757,16.0,342.9,3,0.09279,0
6,1,0,normal,0.mp4,450000,510000,0.259363,16.0,342.9,3,0.09279,0
6,1,0,normal,0.mp4,460000,520000,0.257597,16.0,302.8,2,0.082109,0
6,1,0,normal,0.mp4,470000,530000,0.262831,19.0,255.1,2,0.082164,0
6,1,0,normal,0.mp4,480000,540000,0.263899,20.0,224.4,1,0.075434,0
6,1,0,normal,0.mp4,490000,550000,0.262105,22.0,216.9,1,0.080107,0
6,1,0,normal,0.mp4,500000,560000,0.261475,25.0,243.6,3,0.101536,0
6,1,0,normal,0.mp4,510000,570000,0.264225,27.0,252.3,3,0.113485,0
6,1,0,normal,0.mp4,520000,580000,0.264549,26.0,300.6,5,0.126836,0
6,1,0,normal,0.mp4,530000,590000,0.262404,24.0,303.9,5,0.121495,0
6,1,0,normal,0.mp4,540000,600000,0.263359,24.0,290.5,5,0.116155,0
6,1,0,normal,0.mp4,550000,610000,0.265275,25.0,336.6,6,0.140949,0
6,1,1,pre_fatigue,5.mp4,0,60000,0.281607,16.0,186.2,1,0.049582,0
6,1,1,pre_fatigue,5.mp4,10000,70000,0.286966,16.0,173.6,1,0.046265,0
6,1,1,pre_fatigue,5.mp4,20000,80000,0.286732,18.0,182.2,1,0.054627,0
6,1,1,pre_fatigue,5.mp4,30000,90000,0.284214,19.0,176.1,1,0.055741,0
6,1,1,pre_fatigue,5.mp4,40000,100000,0.283052,19.0,154.8,0,0.049052,0
6,1,1,pre_fatigue,5.mp4,50000,110000,0.281795,19.0,156.6,0,0.04961,0
6,1,1,pre_fatigue,5.mp4,60000,120000,0.277279,26.0,147.8,0,0.064103,0
6,1,1,pre_fatigue,5.mp4,70000,130000,0.271948,27.0,143.6,0,0.06466,0
6,1,1,pre_fatigue,5.mp4,80000,140000,0.269073,23.0,140.9,0,0.054039,0
6,1,1,pre_fatigue,5.mp4,90000,150000,0.276156,20.0,136.9,0,0.045682,0
6,1,1,pre_fatigue,5.mp4,100000,160000,0.278603,19.0,135.4,0,0.042897,0
6,1,1,pre_fatigue,5.mp4,110000,170000,0.280067,20.0,136.9,0,0.045682,0
6,1,1,pre_fatigue,5.mp4,120000,180000,0.284325,14.0,131.4,0,0.030641,0
6,1,1,pre_fatigue,5.mp4,130000,190000,0.287487,14.0,129.0,0,0.030084,0
6,1,1,pre_fatigue,5.mp4,140000,200000,0.293238,15.0,124.9,0,0.031215,0
6,1,1,pre_fatigue,5.mp4,150000,210000,0.293147,15.0,124.9,0,0.031215,0
6,1,1,pre_fatigue,5.mp4,160000,220000,0.293787,15.0,120.4,0,0.0301,0
6,1,1,pre_fatigue,5.mp4,170000,230000,0.291935,16.0,138.0,0,0.036789,0
6,1,1,pre_fatigue,5.mp4,180000,240000,0.290164,16.0,139.9,0,0.037347,0
6,1,1,pre_fatigue,5.mp4,190000,250000,0.29016,15.0,149.3,0,0.037904,0
6,1,1,pre_fatigue,5.mp4,200000,260000,0.288881,13.0,151.8,0,0.033445,0
6,1,1,pre_fatigue,5.mp4,210000,270000,0.289148,13.0,154.4,0,0.034002,0
6,1,1,pre_fatigue,5.mp4,220000,280000,0.288594,12.0,186.8,0,0.037883,0
6,1,1,pre_fatigue,5.mp4,230000,290000,0.29326,8.0,179.8,0,0.024513,0
6,1,1,pre_fatigue,5.mp4,240000,300000,0.296214,8.0,184.1,0,0.02507,0
6,1,1,pre_fatigue,5.mp4,250000,310000,0.297694,10.0,167.3,0,0.027855,0
6,1,1,pre_fatigue,5.mp4,260000,320000,0.302241,12.0,159.0,0,0.031755,0
6,1,1,pre_fatigue,5.mp4,270000,330000,0.296913,18.0,161.7,0,0.048468,0
6,1,1,pre_fatigue,5.mp4,280000,340000,0.292985,21.0,160.9,0,0.056299,0
6,1,1,pre_fatigue,5.mp4,290000,350000,0.266515,21.0,918.8,1,0.201226,0
6,1,1,pre_fatigue,5.mp4,300000,360000,0.240886,20.0,1377.7,2,0.34058,0
6,1,1,pre_fatigue,5.mp4,310000,370000,0.218383,17.0,1843.0,3,0.4699,0
6,1,1,pre_fatigue,5.mp4,320000,380000,0.202509,17.0,2433.0,4,0.540691,0
6,1,1,pre_fatigue,5.mp4,330000,390000,0.179511,10.0,4022.5,4,0.670569,0
6,1,1,pre_fatigue,5.mp4,340000,400000,0.176262,11.0,3760.2,5,0.689521,0
6,1,1,pre_fatigue,5.mp4,350000,410000,0.197773,16.0,1655.1,4,0.56156,0
6,1,1,pre_fatigue,5.mp4,360000,420000,0.221106,14.0,1270.5,3,0.415042,0
6,1,1,pre_fatigue,5.mp4,370000,430000,0.238817,17.0,835.9,2,0.288579,0
6,1,2,drowsy,10.mp4,0,60000,0.272812,16.0,186.2,0,0.050456,0
6,1,2,drowsy,10.mp4,10000,70000,0.27363,10.0,176.3,0,0.031491,0
6,1,2,drowsy,10.mp4,20000,80000,0.272435,9.0,191.2,0,0.029391,0
6,1,2,drowsy,10.mp4,30000,90000,0.272093,8.0,183.6,0,0.025192,0
6,1,2,drowsy,10.mp4,40000,100000,0.270106,14.0,176.9,0,0.041987,0
6,1,2,drowsy,10.mp4,50000,110000,0.27078,13.0,222.7,1,0.048951,0
6,1,2,drowsy,10.mp4,60000,120000,0.263861,16.0,414.4,3,0.091672,0
6,1,2,drowsy,10.mp4,70000,130000,0.263458,14.0,440.6,3,0.103569,0
6,1,2,drowsy,10.mp4,80000,140000,0.26713,14.0,422.6,3,0.09937,0
6,1,2,drowsy,10.mp4,90000,150000,0.265834,14.0,431.6,3,0.10147,1
6,1,2,drowsy,10.mp4,100000,160000,0.263441,10.0,747.2,5,0.12028,1
6,1,2,drowsy,10.mp4,110000,170000,0.260939,12.0,685.8,5,0.137159,1
6,1,2,drowsy,10.mp4,120000,180000,0.268039,11.0,450.5,3,0.10147,1
6,1,2,drowsy,10.mp4,130000,190000,0.272086,11.0,450.5,3,0.082575,1
6,1,2,drowsy,10.mp4,140000,200000,0.266708,14.0,527.9,4,0.123163,1
6,1,2,drowsy,10.mp4,150000,210000,0.268479,14.0,524.9,4,0.122378,1
6,1,2,drowsy,10.mp4,160000,220000,0.27199,13.0,390.8,2,0.089573,1
6,1,2,drowsy,10.mp4,170000,230000,0.272326,12.0,412.9,2,0.069279,1
6,1,2,drowsy,10.mp4,180000,240000,0.269618,13.0,455.4,3,0.09937,1
6,1,2,drowsy,10.mp4,190000,250000,0.262304,17.0,434.6,4,0.123163,1
6,1,2,drowsy,10.mp4,200000,260000,0.265319,17.0,321.1,3,0.090909,1
6,1,2,drowsy,10.mp4,210000,270000,0.264413,19.0,304.9,3,0.096571,1
6,1,2,drowsy,10.mp4,220000,280000,0.266044,19.0,302.7,3,0.095871,1
6,1,2,drowsy,10.mp4,230000,290000,0.26727,18.0,249.6,2,0.088174,1
6,1,2,drowsy,10.mp4,240000,300000,0.26869,17.0,279.0,2,0.079076,1
6,1,2,drowsy,10.mp4,250000,310000,0.272815,15.0,251.9,1,0.06014,1
6,1,2,drowsy,10.mp4,260000,320000,0.264458,15.0,431.0,2,0.107768,2
6,1,2,drowsy,10.mp4,270000,330000,0.262153,15.0,442.2,2,0.110567,2
6,1,2,drowsy,10.mp4,280000,340000,0.259952,19.0,386.6,2,0.122463,2
6,1,2,drowsy,10.mp4,290000,350000,0.261786,19.0,388.8,2,0.123163,2
6,1,2,drowsy,10.mp4,300000,360000,0.258164,20.0,365.3,2,0.121678,2
6,1,2,drowsy,10.mp4,310000,370000,0.252821,23.0,361.4,3,0.141358,2
6,1,2,drowsy,10.mp4,320000,380000,0.259044,23.0,281.0,3,0.108467,2
6,1,2,drowsy,10.mp4,330000,390000,0.260377,22.0,295.7,4,0.109167,2
6,1,2,drowsy,10.mp4,340000,400000,0.259462,19.0,344.7,5,0.109867,2
6,1,2,drowsy,10.mp4,350000,410000,0.258448,18.0,354.5,5,0.106993,2
6,1,2,drowsy,10.mp4,360000,420000,0.263334,16.0,312.2,4,0.083975,2
